City_ID,City,Country,Date,Lat,Lng,Max Temp,Humidity,Cloudiness,Wind Speed
0,Hambantota,LK,2021-11-25 04:31:41,6.1241,81.1185,75.54,100,20,4.61
1,Albany,US,2021-11-25 04:30:07,42.6001,-73.9662,33.8,79,76,3.22
2,Bethel,US,2021-11-25 04:31:42,41.3712,-73.414,40.5,69,1,3.44
3,Hasaki,JP,2021-11-25 04:31:43,35.7333,140.8333,63.0,45,0,9.86
4,Itarema,BR,2021-11-25 04:31:43,-2.9248,-39.9167,79.97,80,97,13.67
5,Saint-Philippe,RE,2021-11-25 04:31:43,-21.3585,55.7679,85.48,73,45,9.15
6,Belyy Yar,RU,2021-11-25 04:31:44,53.6039,91.3903,31.89,71,0,4.47
7,Bengkulu,ID,2021-11-25 04:31:44,-3.8004,102.2655,85.42,61,44,8.1
8,Gisborne,NZ,2021-11-25 04:31:45,-38.6533,178.0042,69.94,62,80,11.79
9,Hermanus,ZA,2021-11-25 04:31:45,-34.4187,19.2345,63.9,71,6,22.64
10,Vaini,TO,2021-11-25 04:31:45,-21.2,-175.2,86.16,74,75,5.75
11,Viedma,AR,2021-11-25 04:31:46,-40.8135,-62.9967,67.51,47,100,10.67
12,Kavieng,PG,2021-11-25 04:31:46,-2.5744,150.7967,85.59,63,21,8.95
13,Saint George,US,2021-11-25 04:27:16,37.1041,-113.5841,50.47,32,1,5.99
14,Kahului,US,2021-11-25 04:30:35,20.8947,-156.47,78.82,75,40,9.22
15,Rikitea,PF,2021-11-25 04:31:47,-23.1203,-134.9692,76.57,76,52,12.08
16,Faanui,PF,2021-11-25 04:31:48,-16.4833,-151.75,81.73,74,14,11.79
17,Farafangana,MG,2021-11-25 04:31:48,-22.8167,47.8333,73.98,90,99,14.29
18,Alamogordo,US,2021-11-25 04:30:42,32.8995,-105.9603,50.05,61,75,3.44
19,Meulaboh,ID,2021-11-25 04:31:49,4.1363,96.1285,83.82,64,99,1.72
20,Hilo,US,2021-11-25 04:27:53,19.7297,-155.09,76.73,86,90,0.0
21,Victoria,HK,2021-11-25 04:30:31,22.2855,114.1577,81.18,57,11,5.99
22,Shushenskoye,RU,2021-11-25 04:31:50,53.325,91.9356,31.68,83,100,5.86
23,New Norfolk,AU,2021-11-25 04:31:50,-42.7826,147.0587,57.65,64,80,3.0
24,Rio Grande,BR,2021-11-25 04:31:51,-32.035,-52.0986,65.43,79,5,15.55
25,Punta Arenas,CL,2021-11-25 04:31:51,-53.15,-70.9167,46.51,76,75,6.91
26,Lorengau,PG,2021-11-25 04:31:52,-2.0226,147.2712,85.37,68,42,7.61
27,Qaanaaq,GL,2021-11-25 04:31:52,77.484,-69.3632,-2.61,48,0,6.76
28,Trairi,BR,2021-11-25 04:27:12,-3.2778,-39.2689,79.92,80,79,10.42
29,Puerto Ayora,EC,2021-11-25 04:31:53,-0.7393,-90.3518,68.9,85,21,10.22
30,Bonthe,SL,2021-11-25 04:31:53,7.5264,-12.505,76.12,87,64,4.38
31,Kapaa,US,2021-11-25 04:31:54,22.0752,-159.319,78.78,77,40,10.36
32,Inhambane,MZ,2021-11-25 04:31:54,-23.865,35.3833,71.58,83,40,4.61
33,Qianan,CN,2021-11-25 04:31:54,44.9932,124.0581,20.12,67,53,7.96
34,Yellowknife,CA,2021-11-25 04:31:55,62.456,-114.3525,2.41,88,75,1.01
35,Ostrovnoy,RU,2021-11-25 04:31:55,68.0531,39.5131,24.3,67,100,13.49
36,Iisalmi,FI,2021-11-25 04:31:56,63.5592,27.1907,23.02,90,100,6.35
37,Kearney,US,2021-11-25 04:30:07,40.6995,-99.0815,34.72,73,75,10.0
38,Carnarvon,AU,2021-11-25 04:31:56,-24.8667,113.6333,100.47,10,0,10.36
39,Ushuaia,AR,2021-11-25 04:29:33,-54.8,-68.3,42.46,70,0,9.22
40,Mar Del Plata,AR,2021-11-25 04:31:57,-38.0023,-57.5575,63.91,81,100,9.64
41,Saskylakh,RU,2021-11-25 04:31:57,71.9167,114.0833,-11.79,96,83,8.52
42,Caravelas,BR,2021-11-25 04:27:15,-17.7125,-39.2481,73.51,83,91,7.0
43,Bluff,NZ,2021-11-25 04:31:58,-46.6,168.3333,62.51,55,100,5.57
44,Ngunguru,NZ,2021-11-25 04:31:59,-35.6167,174.5,63.64,70,100,6.08
45,Marienburg,PL,2021-11-25 04:31:59,54.0359,19.0266,43.9,83,100,9.24
46,Passo De Camaragibe,BR,2021-11-25 04:32:00,-9.2368,-35.4901,76.55,90,35,3.96
47,Kruisfontein,ZA,2021-11-25 04:32:00,-34.0033,24.7314,59.88,75,6,11.7
48,Yerbogachen,RU,2021-11-25 04:28:19,61.2767,108.0108,11.25,95,77,6.49
49,Fairbanks,US,2021-11-25 04:28:16,64.8378,-147.7164,-2.7,71,20,0.0
50,Otradnoye,RU,2021-11-25 04:32:01,59.7775,30.8181,33.04,92,100,6.35
51,Laguna,US,2021-11-25 04:32:02,38.421,-121.4238,55.6,81,1,0.0
52,Busselton,AU,2021-11-25 04:32:02,-33.65,115.3333,82.09,35,47,4.47
53,Thompson,CA,2021-11-25 04:32:03,55.7435,-97.8558,-7.44,77,1,10.36
54,The Pas,CA,2021-11-25 04:32:03,53.8251,-101.2541,-3.98,77,1,5.75
55,Cabo San Lucas,MX,2021-11-25 04:28:21,22.8909,-109.9124,74.52,80,1,9.22
56,Kokopo,PG,2021-11-25 04:32:04,-4.352,152.2633,85.21,58,19,4.63
57,Manama,BH,2021-11-25 04:30:50,26.2154,50.5832,73.38,72,0,9.22
58,Sundsvall,SE,2021-11-25 04:32:04,62.3913,17.3063,34.97,88,90,3.44
59,Buala,SB,2021-11-25 04:32:05,-8.145,159.5921,85.78,67,58,5.64
60,Avarua,CK,2021-11-25 04:32:05,-21.2078,-159.775,78.85,69,55,11.5
61,Bow Island,CA,2021-11-25 04:30:01,49.8668,-111.3684,34.18,74,85,0.0
62,Marsh Harbour,BS,2021-11-25 04:32:06,26.5412,-77.0636,70.79,66,80,17.6
63,Pangnirtung,CA,2021-11-25 04:32:07,66.1451,-65.7125,18.75,93,100,9.84
64,Mecca,SA,2021-11-25 04:27:32,21.4267,39.8261,72.19,72,0,2.42
65,Atuona,PF,2021-11-25 04:32:07,-9.8,-139.0333,77.99,80,19,16.11
66,Hovd,MN,2021-11-25 04:32:08,48.0056,91.6419,36.07,37,95,4.54
67,Conway,US,2021-11-25 04:27:22,35.0887,-92.4421,64.94,65,90,0.0
68,Bredasdorp,ZA,2021-11-25 04:32:08,-34.5322,20.0403,61.29,71,16,16.51
69,Bahia De Caraquez,EC,2021-11-25 04:32:09,-0.6,-80.4167,75.38,84,100,8.66
70,Kawambwa,ZM,2021-11-25 04:32:09,-9.7915,29.0791,64.42,94,100,4.61
71,San Lorenzo,PY,2021-11-25 04:32:09,-25.3333,-57.5333,74.59,94,0,3.0
72,General Emilio Aguinaldo,PH,2021-11-25 04:32:10,14.1842,120.7958,85.77,76,99,10.85
73,Matiri,TZ,2021-11-25 04:32:11,-10.75,34.9,74.17,43,100,3.51
74,Barrow,US,2021-11-25 04:29:16,71.2906,-156.7887,-5.78,84,1,12.66
75,Narsaq,GL,2021-11-25 04:32:11,60.9167,-46.05,35.82,100,100,4.41
76,Vidim,RU,2021-11-25 04:32:12,56.4088,103.1106,20.34,84,97,5.95
77,Luderitz,NA,2021-11-25 04:32:12,-26.6481,15.1594,60.76,79,3,7.23
78,Cherskiy,RU,2021-11-25 04:32:12,68.75,161.3,-12.89,98,100,4.68
79,Rafaela,AR,2021-11-25 04:30:14,-31.2503,-61.4867,74.21,69,78,7.67
80,Ribeira Grande,PT,2021-11-25 04:32:13,38.5167,-28.7,64.29,71,100,27.76
81,Ballina,AU,2021-11-25 04:32:13,-28.8667,153.5667,77.18,96,75,10.36
82,Lagoa,PT,2021-11-25 04:32:14,39.05,-27.9833,63.19,73,100,31.32
83,Castro,BR,2021-11-25 04:32:14,-24.7911,-50.0119,59.16,93,40,4.07
84,Raca,RS,2021-11-25 04:32:15,44.2271,20.9775,25.54,92,1,5.35
85,Tiksi,RU,2021-11-25 04:32:15,71.6872,128.8694,-6.18,87,100,7.25
86,Kerchevskiy,RU,2021-11-25 04:32:16,59.946,56.2884,3.72,98,94,6.55
87,Rognan,NO,2021-11-25 04:32:16,67.0953,15.3878,25.88,80,100,4.03
88,Kodiak,US,2021-11-25 04:32:17,57.79,-152.4072,20.71,63,90,10.36
89,Senador Jose Porfirio,BR,2021-11-25 04:32:17,-2.5908,-51.9542,74.44,92,58,2.75
90,Alta Floresta,BR,2021-11-25 04:32:17,-9.8756,-56.0861,70.56,98,98,1.25
91,Tuktoyaktuk,CA,2021-11-25 04:32:18,69.4541,-133.0374,-27.4,75,1,4.61
92,Mataura,NZ,2021-11-25 04:32:18,-46.1927,168.8643,67.21,32,100,9.6
93,Severo-Kurilsk,RU,2021-11-25 04:32:19,50.6789,156.125,37.02,97,100,7.49
94,Kapiri Mposhi,ZM,2021-11-25 04:32:19,-13.9652,28.6809,67.12,83,100,1.7
95,Sao Felix Do Xingu,BR,2021-11-25 04:32:20,-6.6447,-51.995,70.66,99,68,0.85
96,Hurghada,EG,2021-11-25 04:32:20,27.2574,33.8129,64.44,36,0,11.5
97,Fortuna,US,2021-11-25 04:32:21,40.5982,-124.1573,43.14,64,1,10.36
98,Arraial Do Cabo,BR,2021-11-25 04:32:21,-22.9661,-42.0278,72.07,79,8,7.38
99,Aripuana,BR,2021-11-25 04:32:21,-9.1667,-60.6333,72.3,100,100,1.39
100,Mackay,AU,2021-11-25 04:32:22,-21.15,149.2,80.58,78,90,6.91
101,Longyearbyen,SJ,2021-11-25 04:32:22,78.2186,15.6401,4.84,78,40,1.14
102,Port Alfred,ZA,2021-11-25 04:32:23,-33.5906,26.891,62.4,73,79,13.71
103,Lodingen,NO,2021-11-25 04:32:23,68.414,15.9951,28.44,61,100,5.01
104,Rockport,US,2021-11-25 04:32:24,28.0206,-97.0544,77.02,81,90,3.0
105,Magnor,SE,2021-11-25 04:32:24,59.9511,12.1996,37.13,91,12,3.67
106,Norman Wells,CA,2021-11-25 04:32:24,65.282,-126.8329,-20.16,69,75,3.44
107,Evensk,RU,2021-11-25 04:32:25,61.95,159.2333,1.49,90,81,6.53
108,Geraldton,AU,2021-11-25 04:31:14,-28.7667,114.6,97.21,14,0,11.5
109,Jamestown,US,2021-11-25 04:28:46,42.097,-79.2353,44.71,52,90,12.66
110,Hokitika,NZ,2021-11-25 04:32:26,-42.7167,170.9667,60.78,72,42,7.4
111,Necochea,AR,2021-11-25 04:30:04,-38.5473,-58.7368,65.03,85,100,6.55
112,Olafsvik,IS,2021-11-25 04:32:27,64.8945,-23.7142,42.1,81,100,24.52
113,Esperance,AU,2021-11-25 04:32:27,-33.8667,121.9,71.44,61,86,12.01
114,Raton,US,2021-11-25 04:32:28,36.9034,-104.4391,32.61,64,90,18.41
115,Ponta Do Sol,PT,2021-11-25 04:32:28,32.6667,-17.1,65.71,59,99,9.62
116,Bayir,TR,2021-11-25 04:32:29,37.2687,28.2167,49.03,91,44,2.89
117,Santa Fe,AR,2021-11-25 04:30:07,-31.6333,-60.7,69.96,74,48,7.23
118,Torbay,CA,2021-11-25 04:32:29,47.6666,-52.7314,47.28,98,90,16.11
119,Hukuntsi,BW,2021-11-25 04:32:30,-24.0,21.75,73.63,27,0,10.58
120,Manali,IN,2021-11-25 04:32:30,13.1667,80.2667,84.29,92,98,15.77
121,Katsuura,JP,2021-11-25 04:32:31,35.1333,140.3,64.51,57,0,24.9
122,Yining,CN,2021-11-25 04:32:31,29.0361,114.5636,66.83,31,0,1.14
123,Cap Malheureux,MU,2021-11-25 04:31:06,-19.9842,57.6142,81.09,64,9,8.99
124,Kiama,AU,2021-11-25 04:32:31,-34.6833,150.8667,75.25,82,100,8.01
125,Verkhoyansk,RU,2021-11-25 04:29:41,67.5447,133.385,-34.11,98,97,1.23
126,Sanming,CN,2021-11-25 04:32:32,26.2486,117.6186,67.51,43,100,3.44
127,Tecoanapa,MX,2021-11-25 04:32:33,16.5167,-98.75,76.96,87,3,4.9
128,Aksha,RU,2021-11-25 04:32:33,50.2814,113.2867,25.23,65,69,9.28
129,Dikson,RU,2021-11-25 04:32:33,73.5069,80.5464,5.67,87,100,9.24
130,Marquette,US,2021-11-25 04:32:34,46.5333,-87.6335,36.36,86,100,11.83
131,Kerema,PG,2021-11-25 04:32:34,-7.9631,145.7785,84.33,74,98,7.11
132,Tacoronte,ES,2021-11-25 04:32:35,28.4769,-16.4102,64.26,88,90,7.0
133,Agadez,NE,2021-11-25 04:32:35,19.75,10.25,70.43,21,0,7.52
134,Vilyuysk,RU,2021-11-25 04:32:35,63.7553,121.6247,-2.7,85,100,6.15
135,Vila,PT,2021-11-25 04:32:36,42.0304,-8.1588,38.32,89,100,1.01
136,West Plains,US,2021-11-25 04:32:36,36.7281,-91.8524,60.48,66,90,3.0
137,Hobart,AU,2021-11-25 04:32:37,-42.8794,147.3294,58.01,82,90,1.01
138,Ahuimanu,US,2021-11-25 04:32:37,21.4447,-157.8378,80.31,67,90,8.05
139,Rize,TR,2021-11-25 04:32:37,40.9044,40.8949,30.49,94,100,1.54
140,Nanortalik,GL,2021-11-25 04:32:38,60.1432,-45.2371,38.48,99,100,9.1
141,Upernavik,GL,2021-11-25 04:32:38,72.7868,-56.1549,19.33,92,100,27.18
142,Dukat,RU,2021-11-25 04:32:39,62.55,155.55,-21.46,98,99,5.41
143,Nhulunbuy,AU,2021-11-25 04:32:39,-12.2333,136.7667,93.81,40,75,10.36
144,Kathu,TH,2021-11-25 04:32:39,7.9178,98.3332,80.42,86,97,17.2
145,Zhigansk,RU,2021-11-25 04:32:40,66.7697,123.3711,-10.95,87,100,6.73
146,Grand Gaube,MU,2021-11-25 04:32:40,-20.0064,57.6608,81.0,64,11,8.99
147,Tasiilaq,GL,2021-11-25 04:32:41,65.6145,-37.6368,26.76,80,100,9.95
148,Taoudenni,ML,2021-11-25 04:32:41,22.6783,-3.9836,73.72,41,85,7.27
149,Goderich,CA,2021-11-25 04:32:41,43.7501,-81.7165,44.2,70,100,22.79
150,Moron,AR,2021-11-25 04:32:42,-34.6534,-58.6198,79.99,42,59,4.0
151,Cape Town,ZA,2021-11-25 04:30:59,-33.9258,18.4232,62.11,59,0,3.44
152,Domoni,KM,2021-11-25 04:32:42,-12.2569,44.5319,82.29,69,78,4.41
153,Bintulu,MY,2021-11-25 04:32:43,3.1667,113.0333,86.41,74,40,5.75
154,Maniitsoq,GL,2021-11-25 04:32:43,65.4167,-52.9,27.63,74,100,5.23
155,Guerrero Negro,MX,2021-11-25 04:32:44,27.9769,-114.0611,64.54,78,100,10.22
156,Bambous Virieux,MU,2021-11-25 04:32:44,-20.3428,57.7575,80.85,65,20,13.8
157,Kamloops,CA,2021-11-25 04:30:03,50.6665,-120.3192,36.59,81,90,14.97
158,Port Elizabeth,ZA,2021-11-25 04:32:21,-33.918,25.5701,62.89,63,20,11.5
159,Bairiki,KI,2021-11-25 04:32:45,1.3292,172.9752,86.0,66,40,12.66
160,Tiarei,PF,2021-11-25 04:32:46,-17.5333,-149.3333,84.0,77,10,11.79
161,Whitehorse,CA,2021-11-25 04:30:08,60.7161,-135.0538,9.37,92,40,1.99
162,Ornskoldsvik,SE,2021-11-25 04:32:47,63.2909,18.7153,31.82,100,90,6.91
163,Batagay-Alyta,RU,2021-11-25 04:32:47,67.8006,130.4114,-19.8,85,99,1.92
164,Isla Mujeres,MX,2021-11-25 04:32:48,21.2311,-86.731,71.65,60,60,11.07
165,Peniche,PT,2021-11-25 04:32:48,39.3558,-9.3811,55.62,71,58,22.41
166,Clyde River,CA,2021-11-25 04:32:48,70.4692,-68.5914,5.23,85,90,2.3
167,Kasungu,MW,2021-11-25 04:32:49,-13.0333,33.4833,75.13,61,98,11.27
168,Envira,BR,2021-11-25 04:32:49,-7.3,-70.2167,69.42,99,100,1.99
169,Saint-Pierre,RE,2021-11-25 04:32:50,-21.3393,55.4781,85.57,63,0,5.75
170,Porto Velho,BR,2021-11-25 04:32:43,-8.7619,-63.9039,77.05,94,20,1.14
171,Talaya,RU,2021-11-25 04:32:51,61.3833,152.75,-18.98,100,100,4.83
172,Makakilo City,US,2021-11-25 04:32:51,21.3469,-158.0858,79.12,62,1,5.75
173,Oshawa,CA,2021-11-25 04:32:52,43.9001,-78.8496,46.51,75,90,3.44
174,Kattivakkam,IN,2021-11-25 04:32:52,13.2167,80.3167,84.29,92,95,16.24
175,Alofi,NU,2021-11-25 04:32:52,-19.0595,-169.9187,84.09,65,16,5.75
176,La Ronge,CA,2021-11-25 04:29:48,55.1001,-105.2842,3.45,72,40,5.75
177,Aklavik,CA,2021-11-25 04:32:53,68.2191,-135.0107,-28.37,99,100,5.77
178,Lagos,NG,2021-11-25 04:32:53,6.5833,3.75,79.12,93,60,0.87
179,Airai,TL,2021-11-25 04:32:54,-8.9266,125.4092,71.44,73,85,0.85
180,Ridgecrest,US,2021-11-25 04:32:54,35.6225,-117.6709,57.06,14,1,3.0
181,Hofn,IS,2021-11-25 04:32:55,64.2539,-15.2082,31.6,57,100,5.93
182,Nikolskoye,RU,2021-11-25 04:32:55,59.7035,30.7861,32.88,92,100,6.46
183,Guiratinga,BR,2021-11-25 04:32:56,-16.3494,-53.7583,72.97,89,97,0.22
184,Palencia,ES,2021-11-25 04:32:56,42.4167,-4.5,38.91,99,100,1.97
185,Orocue,CO,2021-11-25 04:32:57,4.7912,-71.3354,72.5,96,98,3.24
186,Zhigalovo,RU,2021-11-25 04:32:57,54.8097,105.1578,22.03,84,98,2.8
187,Tazovskiy,RU,2021-11-25 04:29:44,67.4667,78.7,-2.7,97,99,8.57
188,Bjornevatn,NO,2021-11-25 04:32:58,69.6672,29.9847,17.22,85,20,6.91
189,Murgab,TM,2021-11-25 04:32:58,37.4966,61.9714,59.86,46,14,10.67
190,Red Bluff,US,2021-11-25 04:32:59,40.1785,-122.2358,56.86,40,1,8.05
191,Yulara,AU,2021-11-25 04:32:59,-25.2406,130.9889,78.64,31,40,13.8
192,Butaritari,KI,2021-11-25 04:33:00,3.0707,172.7902,82.31,70,12,14.52
193,Nyurba,RU,2021-11-25 04:33:00,63.2842,118.3319,-0.67,90,100,3.04
194,Santa Barbara,US,2021-11-25 04:30:32,34.7333,-120.0343,56.34,50,1,3.44
195,Prado,BR,2021-11-25 04:33:01,-17.3411,-39.2208,71.91,90,84,6.71
196,Rockwall,US,2021-11-25 04:31:04,32.9001,-96.4003,70.23,88,90,6.91
197,Bilibino,RU,2021-11-25 04:28:18,68.0546,166.4372,-5.57,99,100,2.37
198,Veraval,IN,2021-11-25 04:33:02,20.9,70.3667,82.94,39,13,9.71
199,Flinders,AU,2021-11-25 04:33:03,-34.5833,150.8552,75.2,83,100,4.09
200,Likasi,CD,2021-11-25 04:33:03,-10.9814,26.7333,63.86,92,100,0.92
201,Yuzhno-Sukhokumsk,RU,2021-11-25 04:33:04,44.6581,45.6436,31.78,81,11,1.01
202,Dingle,PH,2021-11-25 04:33:04,10.9995,122.6711,86.74,68,100,10.71
203,Maku,IR,2021-11-25 04:33:05,39.2911,44.4521,42.89,75,94,1.9
204,Praya,CV,2021-11-25 04:33:05,14.9215,-23.5087,75.74,83,0,5.75
205,Beringovskiy,RU,2021-11-25 04:33:06,63.05,179.3167,-4.16,87,94,8.72
206,Srednekolymsk,RU,2021-11-25 04:33:06,67.45,153.6833,-18.42,99,99,7.09
207,Biak,ID,2021-11-25 04:33:06,-0.9131,122.8766,83.08,73,94,2.06
208,Khatanga,RU,2021-11-25 04:33:07,71.9667,102.5,-8.18,96,73,4.16
209,Souillac,MU,2021-11-25 04:33:07,-20.5167,57.5167,80.98,65,20,13.8
210,North Bend,US,2021-11-25 04:29:30,43.4065,-124.2243,44.85,97,1,5.75
211,Sao Joao Da Barra,BR,2021-11-25 04:33:08,-21.6403,-41.0511,72.27,84,56,5.53
212,Mogadishu,SO,2021-11-25 04:33:08,2.0371,45.3438,82.27,83,75,9.22
213,Lebu,CL,2021-11-25 04:33:09,-37.6167,-73.65,53.24,95,30,5.06
214,Sri Aman,MY,2021-11-25 04:33:09,1.2376,111.4621,87.85,70,40,1.14
215,Port Blair,IN,2021-11-25 04:33:10,11.6667,92.75,82.67,75,97,10.2
216,Grindavik,IS,2021-11-25 04:29:12,63.8424,-22.4338,41.47,87,75,28.77
217,Rabo De Peixe,PT,2021-11-25 04:29:38,37.8,-25.5833,62.11,95,40,14.97
218,Payo,ID,2021-11-25 04:33:11,-3.7508,103.6372,92.89,42,29,2.62
219,Alice Springs,AU,2021-11-25 04:31:17,-23.7,133.8833,74.75,43,40,13.8
220,Oudtshoorn,ZA,2021-11-25 04:33:11,-33.5907,22.2014,52.16,67,0,4.12
221,Mahajanga,MG,2021-11-25 04:28:27,-15.7167,46.3167,82.42,78,20,5.75
222,Saucillo,MX,2021-11-25 04:33:12,28.0167,-105.2833,62.55,40,93,6.35
223,Soderhamn,SE,2021-11-25 04:33:12,61.3037,17.0592,38.39,92,67,4.5
224,Kerouane,GN,2021-11-25 04:33:13,9.2667,-9.0167,67.26,41,20,2.13
225,Posse,BR,2021-11-25 04:33:13,-14.0931,-46.3694,69.12,60,96,7.0
226,Sao Filipe,CV,2021-11-25 04:33:14,14.8961,-24.4956,77.68,69,100,2.8
227,Ganzhou,CN,2021-11-25 04:33:14,28.8184,115.4327,64.81,35,0,2.06
228,Sur,OM,2021-11-25 04:33:15,22.5667,59.5289,84.09,34,17,3.02
229,Sola,VU,2021-11-25 04:33:16,-13.8833,167.55,81.52,74,13,18.88
230,Gizo,SB,2021-11-25 04:33:16,-8.103,156.8419,85.17,67,36,2.95
231,Lata,PT,2021-11-25 04:33:17,40.1629,-8.3327,51.82,95,55,0.85
232,Kokstad,ZA,2021-11-25 04:33:17,-30.5472,29.4241,47.01,93,100,2.75
233,Salalah,OM,2021-11-25 04:33:18,17.0151,54.0924,80.69,57,0,3.44
234,Neumunster,DE,2021-11-25 04:33:18,54.0667,9.9833,42.04,85,86,4.0
235,Hithadhoo,MV,2021-11-25 04:33:19,-0.6,73.0833,82.35,70,65,18.34
236,Chokurdakh,RU,2021-11-25 04:33:19,70.6333,147.9167,-29.79,100,71,6.76
237,Saldanha,ZA,2021-11-25 04:33:19,-33.0117,17.9442,64.45,61,0,11.88
238,Murray Bridge,AU,2021-11-25 04:33:20,-35.1167,139.2667,74.7,64,94,21.65
239,Adre,TD,2021-11-25 04:33:21,13.4667,22.2,63.48,19,26,12.93
240,Gaspar,BR,2021-11-25 04:33:21,-26.9314,-48.9589,67.37,90,46,0.87
241,Namatanai,PG,2021-11-25 04:33:21,-3.6667,152.4333,85.48,67,48,7.07
242,Mozarlandia,BR,2021-11-25 04:33:22,-14.7447,-50.5706,74.61,82,98,2.01
243,Kalanguy,RU,2021-11-25 04:33:22,51.0167,116.5167,10.81,66,96,2.71
244,Hailey,US,2021-11-25 04:33:23,43.5196,-114.3153,24.66,86,1,4.61
245,Georgetown,MY,2021-11-25 04:30:15,5.4112,100.3354,85.93,79,20,5.75
246,Iwanai,JP,2021-11-25 04:33:23,42.9744,140.5089,34.66,77,100,13.4
247,Torrington,US,2021-11-25 04:29:44,41.8007,-73.1212,35.78,72,54,1.99
248,Mahebourg,MU,2021-11-25 04:33:24,-20.4081,57.7,80.89,65,20,13.8
249,Haines Junction,CA,2021-11-25 04:33:24,60.7522,-137.5108,1.35,78,100,5.75
250,Sault Sainte Marie,CA,2021-11-25 04:30:07,46.5168,-84.3333,39.76,84,75,0.0
251,Provideniya,RU,2021-11-25 04:33:25,64.3833,-173.3,3.31,60,40,8.95
252,Jablonne Nad Orlici,CZ,2021-11-25 04:33:25,50.0296,16.6006,34.05,89,4,11.14
253,Pacific Grove,US,2021-11-25 04:33:26,36.6177,-121.9166,58.62,48,1,3.0
254,Kudahuvadhoo,MV,2021-11-25 04:33:27,2.6708,72.8944,81.59,69,92,15.68
255,Burnie,AU,2021-11-25 04:33:27,-41.0667,145.9167,73.92,41,7,9.86
256,Korfovskiy,RU,2021-11-25 04:33:28,48.2183,135.0564,11.66,86,100,6.13
257,Markova,UA,2021-11-25 04:33:28,48.6758,24.4138,31.24,76,1,3.44
258,Ahipara,NZ,2021-11-25 04:33:29,-35.1667,173.1667,64.49,76,100,0.58
259,Kurumkan,RU,2021-11-25 04:33:29,54.3,110.3,14.14,88,79,1.57
260,Librazhd,AL,2021-11-25 04:33:29,41.1794,20.315,42.1,88,87,6.42
261,Richards Bay,ZA,2021-11-25 04:32:20,-28.783,32.0377,65.3,75,100,9.71
262,Gemlik,TR,2021-11-25 04:33:30,40.4309,29.1597,54.57,84,94,5.68
263,Havelock,US,2021-11-25 04:33:31,34.8791,-76.9013,43.93,51,9,2.59
264,Griffith,US,2021-11-25 04:33:31,41.5284,-87.4237,50.11,83,90,1.01
265,Hualmay,PE,2021-11-25 04:33:31,-11.0964,-77.6139,65.84,85,100,9.89
266,Yaroslavskaya,RU,2021-11-25 04:33:32,44.6106,40.4642,28.31,84,6,4.52
267,Aksarka,RU,2021-11-25 04:33:15,66.5606,67.7975,10.49,88,100,12.62
268,Kefalos,GR,2021-11-25 04:33:32,36.7453,26.9589,59.22,77,40,11.5
269,Berlevag,NO,2021-11-25 04:33:33,70.8578,29.0864,24.8,93,100,13.31
270,Iqaluit,CA,2021-11-25 04:30:12,63.7506,-68.5145,28.13,74,90,17.27
271,Kuito,AO,2021-11-25 04:33:34,-12.3833,16.9333,61.11,91,99,2.55
272,Codrington,AU,2021-11-25 04:33:34,-38.2667,141.9667,61.54,68,3,17.29
273,Zaysan,KZ,2021-11-25 04:33:34,47.4667,84.8667,34.21,79,100,1.59
274,Hami,CN,2021-11-25 04:33:35,42.8,93.45,32.65,52,33,0.85
275,Kapoeta,SS,2021-11-25 04:33:35,4.7717,33.5903,82.54,34,8,4.38
276,Mastic Beach,US,2021-11-25 04:33:36,40.7668,-72.8521,43.99,64,1,0.0
277,Kushiro,JP,2021-11-25 04:33:36,42.975,144.3747,43.75,42,40,4.61
278,Salinas,US,2021-11-25 04:31:15,36.6777,-121.6555,59.04,51,1,0.0
279,Niquelandia,BR,2021-11-25 04:33:37,-14.4739,-48.4597,70.77,70,59,2.68
280,Broome,US,2021-11-25 04:33:37,42.2506,-75.833,37.63,66,1,1.99
281,Verkh-Chebula,RU,2021-11-25 04:33:38,56.0308,87.6218,21.2,93,100,3.44
282,Bilma,NE,2021-11-25 04:33:38,18.6853,12.9164,72.18,22,0,5.23
283,Nuuk,GL,2021-11-25 04:33:39,64.1835,-51.7216,29.01,100,90,2.3
284,Mount Gambier,AU,2021-11-25 04:33:39,-37.8333,140.7667,64.31,59,90,19.57
285,Valparaiso,CL,2021-11-25 04:32:16,-33.0393,-71.6273,51.44,93,0,3.44
286,Taranagar,IN,2021-11-25 04:33:40,28.6709,75.0351,75.83,24,0,4.88
287,Fallon,US,2021-11-25 04:33:40,39.4735,-118.7774,33.46,54,20,4.61
288,Pevek,RU,2021-11-25 04:33:41,69.7008,170.3133,-11.22,91,100,4.21
289,Djambala,CG,2021-11-25 04:33:41,-2.5447,14.7533,67.24,93,100,3.76
290,Itoman,JP,2021-11-25 04:33:41,26.1247,127.6694,69.82,60,75,10.36
291,Sens,FR,2021-11-25 04:33:42,48.1667,3.3333,32.29,83,88,5.19
292,Waingapu,ID,2021-11-25 04:33:42,-9.6567,120.2641,86.92,64,38,8.63
293,Bekhtery,UA,2021-11-25 04:33:43,46.251,32.2927,32.47,80,2,7.31
294,Naze,JP,2021-11-25 04:29:35,28.3667,129.4833,65.32,55,89,2.77
295,Grand-Santi,GF,2021-11-25 04:33:43,4.25,-54.3833,71.94,99,93,2.26
296,Lingao,CN,2021-11-25 04:33:44,19.9103,109.6859,72.25,64,27,8.7
297,Emba,KZ,2021-11-25 04:33:44,48.8264,58.1442,4.53,91,7,4.79
298,Klaksvik,FO,2021-11-25 04:33:45,62.2266,-6.589,34.72,70,100,23.76
299,San Patricio,US,2021-11-25 04:33:45,28.017,-97.5169,76.86,84,100,14.47
300,Ulladulla,AU,2021-11-25 04:33:45,-35.35,150.4667,74.88,98,99,5.77
301,Atar,MR,2021-11-25 04:33:46,20.5169,-13.0499,76.62,38,76,7.49
302,Riohacha,CO,2021-11-25 04:33:02,11.5444,-72.9072,76.44,87,100,6.35
303,Road Town,VG,2021-11-25 04:32:49,18.4167,-64.6167,79.0,72,50,5.03
304,Lavrentiya,RU,2021-11-25 04:33:47,65.5833,-171.0,-5.15,90,8,9.04
305,Bomet,KE,2021-11-25 04:33:47,-0.7813,35.3416,64.26,60,56,0.98
306,Madang,PG,2021-11-25 04:33:48,-5.2246,145.7966,85.86,66,68,7.14
307,Half Moon Bay,US,2021-11-25 04:31:10,37.4636,-122.4286,59.76,48,1,4.61
308,Havre-Saint-Pierre,CA,2021-11-25 04:33:48,50.2334,-63.5986,37.4,93,90,11.5
309,San Quintin,MX,2021-11-25 04:33:49,30.4833,-115.95,59.9,83,0,4.83
310,Vila Franca Do Campo,PT,2021-11-25 04:33:49,37.7167,-25.4333,63.01,74,100,20.51
311,Vila Velha,BR,2021-11-25 04:31:35,-20.3297,-40.2925,71.94,89,20,1.99
312,Ponta Delgada,PT,2021-11-25 04:33:50,37.7333,-25.6667,63.32,55,40,14.97
313,Tautira,PF,2021-11-25 04:33:51,-17.7333,-149.15,84.0,78,15,12.1
314,Avera,US,2021-11-25 04:33:51,33.194,-82.5271,39.7,35,51,6.2
315,Bubaque,GW,2021-11-25 04:33:52,11.2833,-15.8333,81.3,79,6,9.17
316,Padang,ID,2021-11-25 04:32:49,-0.9492,100.3543,87.85,60,62,6.53
317,Fomento,CU,2021-11-25 04:33:52,22.1039,-79.7217,67.75,83,89,3.87
318,Southampton,GB,2021-11-25 04:33:53,50.904,-1.4043,43.86,96,98,14.14
319,Sao Joao Dos Patos,BR,2021-11-25 04:33:53,-6.495,-43.7022,72.28,77,80,1.05
320,Sechura,PE,2021-11-25 04:33:54,-5.5569,-80.8222,67.01,82,100,13.2
321,George,ZA,2021-11-25 04:33:54,-33.963,22.4617,53.15,87,0,2.3
322,Knysna,ZA,2021-11-25 04:33:55,-34.0363,23.0471,55.78,69,0,8.59
323,Yar-Sale,RU,2021-11-25 04:33:55,66.8333,70.8333,-1.89,95,93,5.48
324,San Borja,BO,2021-11-25 04:33:55,-14.8167,-66.85,74.32,88,98,1.79
325,Kofele,ET,2021-11-25 04:33:56,7.0667,38.7833,54.36,58,17,7.23
326,Manaus,BR,2021-11-25 04:33:57,-3.1019,-60.025,81.09,94,0,2.3
327,Saulkrasti,LV,2021-11-25 04:33:57,57.2622,24.4147,42.75,85,100,14.74
328,Pisco,PE,2021-11-25 04:33:57,-13.7,-76.2167,64.45,88,0,5.75
329,Tuatapere,NZ,2021-11-25 04:33:58,-46.1333,167.6833,65.39,43,100,7.02
330,Tambopata,PE,2021-11-25 04:33:58,-12.7333,-69.1833,71.78,99,100,2.82
331,Porto San Giorgio,IT,2021-11-25 04:33:59,43.1827,13.7934,50.74,87,90,3.78
332,San Cristobal,VE,2021-11-25 04:33:59,7.7669,-72.225,66.38,97,77,1.97
333,Enid,US,2021-11-25 04:34:00,36.3956,-97.8784,50.16,45,1,7.0
334,Giresun,TR,2021-11-25 04:34:00,40.5,38.5,18.72,98,100,2.71
335,Puerto Carreno,CO,2021-11-25 04:34:01,6.189,-67.4859,77.09,86,100,3.24
336,Boysun,UZ,2021-11-25 04:34:01,38.2061,67.1986,53.58,48,21,2.28
337,Abu Dhabi,AE,2021-11-25 04:29:36,24.4667,54.3667,77.97,70,0,2.3
338,Nome,US,2021-11-25 04:34:02,64.5011,-165.4064,-3.93,60,1,6.91
339,Port Hardy,CA,2021-11-25 04:34:02,50.6996,-127.4199,44.78,87,90,26.46
340,Acapulco,MX,2021-11-25 04:34:03,16.8634,-99.8901,77.5,82,4,4.09
341,Epe,NG,2021-11-25 04:34:03,6.5841,3.9834,76.89,91,27,1.43
342,Kaitangata,NZ,2021-11-25 04:34:04,-46.2817,169.8464,67.28,48,86,4.32
343,Jalu,LY,2021-11-25 04:34:04,29.0331,21.5482,64.62,37,59,6.76
344,Ancud,CL,2021-11-25 04:34:04,-41.8697,-73.8203,54.93,92,80,12.06
345,Sinnamary,GF,2021-11-25 04:34:05,5.3833,-52.95,77.58,86,67,5.79
346,Kirakira,SB,2021-11-25 04:34:05,-10.4544,161.9205,83.41,74,100,8.55
347,Marrakesh,MA,2021-11-25 04:34:06,31.6315,-8.0083,50.07,87,40,2.3
348,Nandi,IN,2021-11-25 04:34:06,13.3855,77.6984,74.62,69,95,11.12
349,Hirara,JP,2021-11-25 04:34:07,24.8,125.2833,73.67,68,75,9.22
350,Alyangula,AU,2021-11-25 04:34:07,-13.8483,136.4192,94.87,34,93,5.75
351,Port Macquarie,AU,2021-11-25 04:33:41,-31.4333,152.9167,78.76,85,100,12.21
352,Lodwar,KE,2021-11-25 04:34:08,3.1191,35.5973,86.74,40,50,13.49
353,Asau,RO,2021-11-25 04:34:08,46.4333,26.4,30.76,76,1,2.77
354,Vanimo,PG,2021-11-25 04:34:08,-2.6741,141.3028,84.72,67,92,6.35
355,Yuzhno-Kurilsk,RU,2021-11-25 04:34:09,44.0306,145.8556,40.5,47,23,2.59
356,Usinsk,RU,2021-11-25 04:34:09,65.9939,57.5281,7.03,95,100,13.22
357,Orotukan,RU,2021-11-25 04:34:10,62.2667,151.7,-22.77,99,89,3.02
358,Kambove,CD,2021-11-25 04:34:10,-10.8764,26.5969,63.41,92,99,1.05
359,Sioux Lookout,CA,2021-11-25 04:29:19,50.1001,-91.917,6.87,66,20,9.22
360,Okha,RU,2021-11-25 04:32:07,53.5739,142.9478,34.81,98,97,17.16
361,East London,ZA,2021-11-25 04:32:25,-33.0153,27.9116,58.14,88,20,4.61
362,Nantucket,US,2021-11-25 04:30:59,41.2835,-70.0995,41.97,51,1,16.11
363,Kununurra,AU,2021-11-25 04:34:11,-15.7667,128.7333,96.78,49,40,8.05
364,Teknaf,BD,2021-11-25 04:34:12,20.8624,92.3058,84.9,42,4,3.67
365,Leningradskiy,RU,2021-11-25 04:29:15,69.3833,178.4167,-20.0,98,100,5.06
366,Kamaishi,JP,2021-11-25 04:34:13,39.2667,141.8833,43.75,75,68,8.95
367,Saiha,IN,2021-11-25 04:34:13,22.4833,92.9667,80.31,37,9,3.51
368,Moree,AU,2021-11-25 04:34:13,-29.4667,149.85,80.62,61,40,19.57
369,Menongue,AO,2021-11-25 04:34:14,-14.6585,17.691,67.71,50,93,5.82
370,Faya,SA,2021-11-25 04:34:15,18.3851,42.4509,51.91,39,4,2.51
371,Bardiyah,LY,2021-11-25 04:34:15,31.7561,25.0865,63.43,74,1,4.45
372,General Jose Eduvigis Diaz,PY,2021-11-25 04:34:16,-27.1667,-58.4167,79.05,57,2,6.02
373,Kloulklubed,PW,2021-11-25 04:34:16,7.0419,134.2556,73.9,74,98,15.03
374,Hay River,CA,2021-11-25 04:34:17,60.8156,-115.7999,-4.02,77,40,6.91
375,Ternuvate,UA,2021-11-25 04:34:17,47.8305,36.1276,18.88,74,4,4.85
376,Rocha,UY,2021-11-25 04:34:18,-34.4833,-54.3333,57.4,69,16,7.27
377,Olonets,RU,2021-11-25 04:30:01,60.9847,32.9698,23.0,91,100,4.61
378,Bambanglipuro,ID,2021-11-25 04:34:18,-7.95,110.2833,85.55,67,32,8.46
379,Tilichiki,RU,2021-11-25 04:29:38,60.4667,166.1,3.13,95,97,6.46
380,Marawi,PH,2021-11-25 04:34:19,7.9986,124.2928,75.79,86,100,0.85
381,Aginskoye,RU,2021-11-25 04:34:19,51.1,114.53,18.12,75,26,6.33
382,Pitlochry,GB,2021-11-25 04:34:20,56.7051,-3.7343,39.78,89,75,7.2
383,Labytnangi,RU,2021-11-25 04:34:20,66.6572,66.4183,10.81,87,100,11.45
384,Derzhavinsk,KZ,2021-11-25 04:34:21,51.1,66.3167,6.46,92,82,9.37
385,Chuy,UY,2021-11-25 04:34:21,-33.6971,-53.4616,58.75,88,5,7.14
386,Touros,BR,2021-11-25 04:34:22,-5.1989,-35.4608,79.7,78,78,11.95
387,Orsha,BY,2021-11-25 04:34:22,54.5153,30.4053,37.51,92,100,10.74
388,Panaba,MX,2021-11-25 04:34:22,21.2833,-88.2667,64.6,80,3,7.16
389,Kaohsiung,TW,2021-11-25 04:34:23,22.6163,120.3133,76.95,65,75,3.0
390,Huancabamba,PE,2021-11-25 04:34:23,-5.2386,-79.4506,59.68,92,100,0.18
391,Kumluca,TR,2021-11-25 04:34:24,36.3703,30.2869,59.61,67,88,6.31
392,Dunedin,NZ,2021-11-25 04:31:57,-45.8742,170.5036,67.28,56,93,5.59
393,Mugumu,TZ,2021-11-25 04:34:24,-1.85,34.7,68.79,58,91,2.84
394,Kyra,RU,2021-11-25 04:34:25,49.5776,111.9753,25.57,61,41,6.35
395,Phon Thong,TH,2021-11-25 04:34:25,16.3016,103.9768,81.95,52,72,12.64
396,Hamilton,US,2021-11-25 04:34:26,39.1834,-84.5333,53.01,47,90,1.99
397,Huarmey,PE,2021-11-25 04:34:26,-10.0681,-78.1522,66.74,86,100,9.62
398,Gejiu,CN,2021-11-25 04:34:26,23.306,103.1635,52.23,78,93,3.76
399,Ingham,US,2021-11-25 04:34:27,42.6,-84.3833,48.06,68,90,6.91
400,Galesong,ID,2021-11-25 04:34:27,-5.3166,119.3661,87.82,65,100,8.03
401,Port-Gentil,GA,2021-11-25 04:34:28,-0.7193,8.7815,79.45,84,100,10.85
402,Mercedes,AR,2021-11-25 04:34:28,-34.6515,-59.4307,79.18,34,87,9.48
403,Muyezerskiy,RU,2021-11-25 04:34:29,63.9333,31.65,17.92,96,99,2.57
404,Leamington,CA,2021-11-25 04:29:43,42.0549,-82.6062,47.84,80,100,8.99
405,Jumla,NP,2021-11-25 04:34:29,29.2747,82.1838,54.63,29,0,5.86
406,Bandipur,NP,2021-11-25 04:34:30,27.9333,84.4167,65.1,56,10,1.68
407,Samana,DO,2021-11-25 04:30:09,19.2056,-69.3369,74.62,88,48,8.28
408,Thessalon,CA,2021-11-25 04:34:30,46.2501,-83.5666,44.89,84,100,8.55
409,Bacolod,PH,2021-11-25 04:34:31,10.6667,122.95,87.06,67,99,9.91
410,Qui Nhon,VN,2021-11-25 04:34:31,13.7667,109.2333,78.71,80,52,19.8
411,Boca Do Acre,BR,2021-11-25 04:34:31,-8.7522,-67.3978,72.95,98,100,2.08
412,Lompoc,US,2021-11-25 04:34:32,34.6391,-120.4579,57.56,73,1,5.75
413,College,US,2021-11-25 04:34:32,64.8569,-147.8028,-2.72,74,40,4.61
414,Ostersund,SE,2021-11-25 04:34:33,63.1792,14.6357,34.25,80,75,13.8
415,Camopi,GF,2021-11-25 04:34:33,3.1655,-52.3158,70.93,99,96,1.61
416,Tarata,BO,2021-11-25 04:34:34,-17.6167,-66.0167,58.42,71,95,4.25
417,Pallasovka,RU,2021-11-25 04:34:34,50.05,46.8833,24.13,56,86,18.34
418,Egvekinot,RU,2021-11-25 04:34:34,66.3167,-179.1667,-10.77,88,99,8.05
419,Ojinaga,MX,2021-11-25 04:34:35,29.5667,-104.4167,67.41,39,75,6.91
420,Koumac,NC,2021-11-25 04:34:35,-20.5667,164.2833,79.93,66,60,5.17
421,Pyay,MM,2021-11-25 04:34:36,18.8167,95.2167,83.23,63,54,6.49
422,Carlyle,US,2021-11-25 04:30:08,38.6103,-89.3726,58.91,52,100,8.99
423,Ouadda,CF,2021-11-25 04:34:37,8.0777,22.4007,66.67,38,0,3.85
424,Yamoussoukro,CI,2021-11-25 04:34:37,6.8206,-5.2767,71.49,100,35,4.61
425,Durant,US,2021-11-25 04:34:37,33.994,-96.3708,68.29,78,90,0.0
426,Ayan,RU,2021-11-25 04:34:38,56.45,138.1667,29.03,89,100,16.13
427,Bathsheba,BB,2021-11-25 04:34:38,13.2167,-59.5167,74.01,94,20,5.75
428,Rantepao,ID,2021-11-25 04:34:39,-2.9701,119.8978,83.55,64,78,1.52
429,Socorro,US,2021-11-25 04:34:39,31.6546,-106.3033,61.45,45,75,5.75
430,Koungou,YT,2021-11-25 04:34:39,-12.7336,45.2042,82.11,74,40,6.91
431,Cam Ranh,VN,2021-11-25 04:34:40,11.9214,109.1591,80.56,69,75,17.27
432,Bariadi,TZ,2021-11-25 04:34:40,-2.8,33.9833,73.38,58,90,2.06
433,Manono,CD,2021-11-25 04:34:41,-7.3,27.4167,69.22,97,100,2.46
434,Ferme-Neuve,CA,2021-11-25 04:34:42,46.7001,-75.4493,33.58,86,87,3.09
435,Broken Hill,AU,2021-11-25 04:34:42,-31.95,141.4333,67.71,83,90,9.22
436,Teya,RU,2021-11-25 04:34:42,60.3778,92.6267,16.61,91,100,5.08
437,Xiongzhou,CN,2021-11-25 04:34:43,25.1167,114.3,69.31,29,40,4.76
438,Lasa,IT,2021-11-25 04:34:43,46.6166,10.7002,27.34,85,69,2.35
439,Morris,US,2021-11-25 04:32:31,40.8334,-74.5329,40.82,70,1,3.0
440,Gigmoto,PH,2021-11-25 04:34:44,13.7796,124.39,83.34,81,100,10.18
441,Sitka,US,2021-11-25 04:34:45,57.0531,-135.33,42.69,81,90,6.91
442,Canico,PT,2021-11-25 04:34:45,32.6333,-16.85,65.71,70,75,9.22
443,Puerto Escondido,MX,2021-11-25 04:34:45,15.85,-97.0667,77.79,76,47,3.76
444,Newberry,US,2021-11-25 04:34:46,34.2746,-81.6187,41.22,93,69,4.05
445,Kawalu,ID,2021-11-25 04:34:46,-7.3817,108.2082,86.99,59,51,4.81
446,Gilgit,PK,2021-11-25 04:34:47,35.9221,74.3087,48.81,52,37,3.18
447,Vardo,NO,2021-11-25 04:34:47,70.3705,31.1107,17.8,82,98,11.36
448,Andijon,UZ,2021-11-25 04:34:48,40.7821,72.3442,54.68,65,2,2.3
449,North Platte,US,2021-11-25 04:30:55,41.1239,-100.7654,30.09,78,1,5.99
450,Polyanka,UA,2021-11-25 04:34:49,50.2584,27.6881,32.07,82,72,6.51
451,Hit,IQ,2021-11-25 04:34:49,33.6416,42.8251,61.66,50,100,5.08
452,Manhumirim,BR,2021-11-25 04:34:50,-20.3578,-41.9581,63.82,96,53,2.51
453,Iskateley,RU,2021-11-25 04:34:50,67.6803,53.1512,7.12,97,100,2.95
454,Kenai,US,2021-11-25 04:34:51,60.5544,-151.2583,16.14,86,90,4.61
455,Tiznit,MA,2021-11-25 04:34:51,29.5833,-9.5,51.57,84,57,5.06
456,Tottori,JP,2021-11-25 04:34:52,35.5,134.2333,59.0,58,75,13.8
457,Ambon,ID,2021-11-25 04:34:52,-3.6954,128.1814,87.94,62,40,5.75
458,Paamiut,GL,2021-11-25 04:34:53,61.994,-49.6678,31.91,99,100,4.34
459,Saint Anthony,US,2021-11-25 04:30:07,45.0205,-93.218,32.56,66,90,5.01
460,Kalasin,TH,2021-11-25 04:34:53,16.5,103.5,82.98,50,51,9.17
461,Skjervoy,NO,2021-11-25 04:34:54,70.0311,20.9714,27.79,51,100,7.34
462,Itupiranga,BR,2021-11-25 04:34:54,-5.1347,-49.3267,75.52,95,92,2.53
463,Moranbah,AU,2021-11-25 04:34:55,-22.0016,148.0466,71.65,86,100,9.37
464,Warmbad,NA,2021-11-25 04:34:55,-28.45,18.7333,72.32,27,89,8.05
465,Susanville,US,2021-11-25 04:31:18,40.4163,-120.653,33.66,67,51,1.01
466,Jiuquan,CN,2021-11-25 04:34:56,39.7432,98.5174,41.58,18,1,3.24
467,Tutoia,BR,2021-11-25 04:34:56,-2.7619,-42.2744,80.56,80,79,12.1
468,Nanakuli,US,2021-11-25 04:34:57,21.3906,-158.1547,80.55,60,1,5.75
469,Trinidad,BO,2021-11-25 04:33:14,-14.8333,-64.9,73.74,97,100,3.4
470,Iquitos,PE,2021-11-25 04:34:57,-3.7481,-73.2472,75.24,94,90,3.44
471,San Antonio,US,2021-11-25 04:33:23,29.4241,-98.4936,72.9,85,90,1.01
472,Saryg-Sep,RU,2021-11-25 04:34:58,51.5,95.6,22.75,77,100,1.74
473,Svetlaya,RU,2021-11-25 04:34:58,46.5389,138.3297,26.46,56,31,10.87
474,Yol,IN,2021-11-25 04:34:59,32.1667,76.2,67.53,33,21,3.96
475,Leh,IN,2021-11-25 04:34:59,34.1667,77.5833,23.18,73,84,1.7
476,Platteville,US,2021-11-25 04:35:00,42.7342,-90.4785,47.46,76,40,9.22
477,Ucluelet,CA,2021-11-25 04:31:44,48.9329,-125.5528,47.08,92,100,5.01
478,Aykhal,RU,2021-11-25 04:35:01,66.0,111.5,-6.79,100,100,8.08
479,Salinopolis,BR,2021-11-25 04:35:01,-0.6136,-47.3561,79.41,82,75,8.55
480,Varnavino,RU,2021-11-25 04:35:02,57.4035,45.0916,25.75,89,99,13.62
481,Shimoda,JP,2021-11-25 04:35:02,34.6667,138.95,62.96,56,0,29.8
482,Key West,US,2021-11-25 04:33:37,24.5557,-81.7826,70.0,73,1,9.22
483,Dulce Nombre De Culmi,HN,2021-11-25 04:35:03,15.1,-85.5333,77.23,98,91,3.18
484,Mnogovershinnyy,RU,2021-11-25 04:35:03,53.9353,139.9242,30.27,99,100,7.96
485,Riyadh,SA,2021-11-25 04:30:11,24.6877,46.7219,57.34,31,0,8.86
486,Cururupu,BR,2021-11-25 04:35:04,-1.8283,-44.8683,75.56,92,76,3.36
487,Tiruchchendur,IN,2021-11-25 04:35:04,8.4833,78.1167,79.09,81,100,15.93
488,Durban,ZA,2021-11-25 04:32:07,-29.8579,31.0292,65.93,80,100,4.0
489,Cidreira,BR,2021-11-25 04:35:05,-30.1811,-50.2056,67.26,85,0,20.24
490,Khujner,IN,2021-11-25 04:35:05,23.7833,76.6,78.35,38,3,3.0
491,Kushmurun,KZ,2021-11-25 04:35:06,52.4503,64.6311,1.81,95,15,4.07
492,Mount Darwin,ZW,2021-11-25 04:35:06,-16.7725,31.5838,68.07,83,100,8.16
493,Talnakh,RU,2021-11-25 04:33:12,69.4865,88.3972,8.58,94,100,6.31
494,Nelson Bay,AU,2021-11-25 04:35:07,-32.7167,152.15,80.65,89,100,2.57
495,Luanda,AO,2021-11-25 04:35:06,-8.8368,13.2343,78.8,78,40,2.3
496,Korcula,HR,2021-11-25 04:35:08,42.9622,17.1369,45.16,65,80,11.5
497,Dongzhen,CN,2021-11-25 04:35:08,22.3797,110.9389,73.47,47,6,5.37
498,Awbari,LY,2021-11-25 04:35:09,26.5921,12.7805,69.04,32,100,5.37
499,Menomonie,US,2021-11-25 04:35:09,44.8755,-91.9193,34.57,75,100,11.5
500,Chapais,CA,2021-11-25 04:32:45,49.7834,-74.8492,24.58,93,77,5.17
501,Srikakulam,IN,2021-11-25 04:35:10,18.3,83.9,82.38,69,97,7.29
502,Namibe,AO,2021-11-25 04:35:10,-15.1961,12.1522,66.45,74,7,7.05
503,Virginia Beach,US,2021-11-25 04:31:06,36.8529,-75.978,40.01,72,1,0.0
504,Adrar,MR,2021-11-25 04:35:11,20.5022,-10.0711,72.21,41,87,9.1
505,Urumqi,CN,2021-11-25 04:32:05,43.801,87.6005,25.75,74,35,4.47
506,Shingu,JP,2021-11-25 04:35:12,33.7333,135.9833,61.79,49,14,9.6
507,Margate,GB,2021-11-25 04:35:12,51.3813,1.3862,44.69,82,95,4.0
508,Calgary,CA,2021-11-25 04:33:37,51.0501,-114.0853,38.79,63,75,1.99
509,Prieska,ZA,2021-11-25 04:35:13,-29.6641,22.7474,63.27,42,100,19.33
510,Terrace Bay,CA,2021-11-25 04:35:14,48.7834,-87.1,24.42,78,97,17.69
511,Tual,ID,2021-11-25 04:35:14,-5.6667,132.75,84.52,68,38,4.54
512,Waipawa,NZ,2021-11-25 04:35:14,-41.4122,175.5153,65.3,47,100,3.85
513,La Tour-De-Peilz,CH,2021-11-25 04:35:15,46.4531,6.8586,44.04,88,99,2.66
514,Catuday,PH,2021-11-25 04:35:15,16.2923,119.8062,81.03,69,89,9.84
515,Liverpool,GB,2021-11-25 04:35:04,53.4106,-2.9779,44.76,84,5,3.0
516,Zlobin,HR,2021-11-25 04:35:16,45.2924,14.6541,37.62,69,62,1.28
517,Livingston,GB,2021-11-25 04:35:16,55.9029,-3.5226,39.33,77,0,5.75
518,Brae,GB,2021-11-25 04:35:17,60.3964,-1.353,39.11,60,90,29.44
519,Komsomolskiy,UZ,2021-11-25 04:35:17,40.4272,71.7189,45.82,49,3,4.61
520,Mtambile,TZ,2021-11-25 04:35:18,-5.3833,39.7,81.09,78,100,6.85
521,Isangel,VU,2021-11-25 04:35:18,-19.55,169.2667,82.51,69,75,11.5
522,Kulhudhuffushi,MV,2021-11-25 04:35:19,6.6221,73.07,79.5,76,100,10.11
523,Raudeberg,NO,2021-11-25 04:35:19,61.9875,5.1352,38.07,86,99,8.99
524,Vrangel,RU,2021-11-25 04:35:19,42.7297,133.0839,29.21,50,4,14.99
525,Aluksne,LV,2021-11-25 04:35:20,57.4167,27.05,37.35,92,100,9.93
526,Corridonia,IT,2021-11-25 04:35:21,43.2511,13.5088,48.31,89,80,2.62
527,Blind River,CA,2021-11-25 04:35:21,46.1834,-82.9582,44.85,84,97,7.07
528,Donskoye,RU,2021-11-25 04:35:22,45.4552,41.9741,30.33,83,8,5.21
529,Pringsewu,ID,2021-11-25 04:35:22,-5.3582,104.9744,91.26,45,55,0.85
530,Zyryanka,RU,2021-11-25 04:35:23,65.75,150.85,-28.79,100,84,1.23
531,Paciran,ID,2021-11-25 04:35:23,-6.8767,112.3761,87.17,64,92,3.36
532,La Rioja,ES,2021-11-25 04:30:36,42.25,-2.5,38.98,99,100,7.72
533,Magadan,RU,2021-11-25 04:35:24,59.5667,150.8,16.47,73,14,10.29
534,Joshimath,IN,2021-11-25 04:35:24,30.5667,79.5667,57.92,25,0,5.06
535,Cockburn Town,TC,2021-11-25 04:35:25,21.4612,-71.1419,78.78,70,83,16.64
536,Quang Ngai,VN,2021-11-25 04:34:02,15.1167,108.8,75.36,84,100,10.11
537,Hohhot,CN,2021-11-25 04:35:26,40.8106,111.6522,35.89,32,0,4.47
538,Sobolevo,RU,2021-11-25 04:35:26,54.4299,31.8996,33.46,95,100,10.04
539,Maracacume,BR,2021-11-25 04:35:27,-2.0428,-45.9592,72.84,96,50,1.52
540,La Crosse,US,2021-11-25 04:35:27,43.8014,-91.2396,40.57,73,90,11.99
541,Tanete,ID,2021-11-25 04:35:27,-3.9443,119.7848,90.01,58,74,8.61
542,Gazanjyk,TM,2021-11-25 04:35:28,39.2446,55.5154,49.96,74,94,10.02
543,Hirado,JP,2021-11-25 04:35:28,33.3597,129.5531,61.95,56,8,19.55
544,Bull Savanna,JM,2021-11-25 04:35:29,17.8868,-77.5902,73.58,83,13,4.81
545,Santa Maria,BR,2021-11-25 04:32:58,-29.6842,-53.8069,61.79,55,0,5.41
546,Mandera,KE,2021-11-25 04:35:29,3.9366,41.867,83.52,41,4,10.69
547,Poya,NC,2021-11-25 04:35:30,-21.35,165.15,80.76,63,57,6.87
548,Baicheng,CN,2021-11-25 04:35:30,45.6167,122.8167,22.78,60,73,6.51
549,Muros,ES,2021-11-25 04:35:31,42.7762,-9.0603,50.85,95,76,12.3
550,Korla,CN,2021-11-25 04:30:41,41.7597,86.1469,34.79,39,5,4.12
551,Groa,NO,2021-11-25 04:35:31,62.65,8.7167,33.89,99,100,5.53
552,Portland,US,2021-11-25 04:32:27,45.5234,-122.6762,46.26,93,90,1.01
553,Maceio,BR,2021-11-25 04:35:32,-9.6658,-35.7353,76.44,88,0,4.61
554,Onega,RU,2021-11-25 04:35:33,63.9061,38.1404,14.11,91,38,1.03
555,Nemuro,JP,2021-11-25 04:35:33,43.3236,145.575,43.23,50,9,13.73
556,Saint-Francois,FR,2021-11-25 04:35:34,46.4154,3.9054,34.48,93,90,4.61
557,Abay,KZ,2021-11-25 04:35:34,49.6311,72.8539,37.78,83,100,19.62
558,Saraland,US,2021-11-25 04:35:34,30.8207,-88.0706,57.22,76,40,4.94
559,Anadyr,RU,2021-11-25 04:35:35,64.75,177.4833,-19.7,82,0,6.71
560,Coahuayana,MX,2021-11-25 04:35:35,18.7333,-103.6833,71.37,92,56,3.83
561,Kaniama,CD,2021-11-25 04:35:36,-7.5667,24.1833,65.21,97,100,3.02
562,Nayoro,JP,2021-11-25 04:35:36,44.3506,142.4578,31.42,93,96,6.55
563,Gua Musang,MY,2021-11-25 04:35:37,4.8823,101.9644,84.18,75,95,3.18
564,Dongsheng,CN,2021-11-25 04:35:37,39.8161,109.9776,37.74,25,0,12.88
565,Jhabua,IN,2021-11-25 04:35:38,22.7667,74.6,81.05,29,0,4.41
566,Constitucion,CL,2021-11-25 04:35:38,-35.3333,-72.4167,52.38,91,0,4.59
567,Palu,ID,2021-11-25 04:35:39,-0.8917,119.8707,84.72,75,100,3.29
568,Cangzhou,CN,2021-11-25 04:35:39,38.3167,116.8667,52.97,27,0,5.75
569,Kushima,JP,2021-11-25 04:35:39,31.4583,131.2333,67.51,49,45,11.52
570,Atherton,GB,2021-11-25 04:35:40,53.5237,-2.4935,40.69,85,2,4.0
571,Anchorage,US,2021-11-25 04:31:13,61.2181,-149.9003,17.65,85,90,0.0
572,Khorramshahr,IR,2021-11-25 04:35:41,30.4397,48.1664,51.76,76,0,4.61
