City_ID,City,Country,Lat,Lng,Max Temp,Humidity,Cloudiness,Wind Speed,Current Description,Date
0,Carnarvon,AU,-24.8667,113.6333,104.07,6,0,17.27,clear sky,2021-11-26 04:53:10
1,Kodiak,US,57.79,-152.4072,15.31,62,40,21.85,scattered clouds,2021-11-26 04:53:10
2,Port Lincoln,AU,-34.7333,135.8667,61.93,52,85,18.37,overcast clouds,2021-11-26 04:53:11
3,West Bay,KY,19.3667,-81.4167,80.01,78,57,3.0,broken clouds,2021-11-26 04:53:11
4,Bathsheba,BB,13.2167,-59.5167,77.61,94,75,5.75,broken clouds,2021-11-26 04:53:12
5,Thompson,CA,55.7435,-97.8558,3.36,78,90,3.44,light snow,2021-11-26 04:50:13
6,Ostrovnoy,RU,68.0531,39.5131,25.27,63,100,12.62,light snow,2021-11-26 04:53:12
7,Ushuaia,AR,-54.8,-68.3,40.66,75,20,18.41,few clouds,2021-11-26 04:53:13
8,Barrow,US,71.2906,-156.7887,-10.28,98,72,12.66,broken clouds,2021-11-26 04:53:13
9,Bredasdorp,ZA,-34.5322,20.0403,64.27,73,72,27.56,broken clouds,2021-11-26 04:53:13
10,Punta Arenas,CL,-53.15,-70.9167,41.11,75,40,9.22,scattered clouds,2021-11-26 04:52:20
11,Kalevala,RU,65.2,31.1667,22.75,87,100,10.85,overcast clouds,2021-11-26 04:53:14
12,Flinders,AU,-34.5833,150.8552,64.2,90,100,8.99,light rain,2021-11-26 04:53:14
13,Axim,GH,4.8699,-2.2405,78.75,84,32,6.29,scattered clouds,2021-11-26 04:53:15
14,Broome,US,42.2506,-75.833,45.18,78,100,1.01,overcast clouds,2021-11-26 04:53:15
15,Huilong,CN,31.8111,121.655,63.99,51,0,8.08,clear sky,2021-11-26 04:53:16
16,Jamestown,US,42.097,-79.2353,42.08,99,90,5.99,mist,2021-11-26 04:53:16
17,Awbari,LY,26.5921,12.7805,62.47,43,0,4.18,clear sky,2021-11-26 04:53:17
18,Upernavik,GL,72.7868,-56.1549,19.92,74,100,9.13,overcast clouds,2021-11-26 04:53:17
19,Rikitea,PF,-23.1203,-134.9692,76.48,78,17,11.74,light rain,2021-11-26 04:53:18
20,Albany,US,42.6001,-73.9662,40.68,91,100,1.19,light rain,2021-11-26 04:53:18
21,Cherskiy,RU,68.75,161.3,-32.62,100,100,4.63,overcast clouds,2021-11-26 04:53:19
22,Hobart,AU,-42.8794,147.3294,62.02,54,20,3.0,few clouds,2021-11-26 04:53:19
23,Ayr,GB,55.4627,-4.6339,45.48,78,96,23.49,overcast clouds,2021-11-26 04:53:20
24,Lavrentiya,RU,65.5833,-171.0,-7.58,88,11,9.42,few clouds,2021-11-26 04:53:20
25,Tezu,IN,27.9167,96.1667,76.53,36,84,3.44,broken clouds,2021-11-26 04:53:21
26,Ahipara,NZ,-35.1667,173.1667,66.52,68,72,2.1,broken clouds,2021-11-26 04:53:21
27,Roald,NO,62.5833,6.1333,31.33,93,100,9.22,overcast clouds,2021-11-26 04:53:21
28,Port Elizabeth,ZA,-33.918,25.5701,65.1,72,75,25.32,broken clouds,2021-11-26 04:53:22
29,Laguna,US,38.421,-121.4238,56.01,86,40,3.91,mist,2021-11-26 04:53:22
30,Mataura,NZ,-46.1927,168.8643,52.63,84,100,4.7,light rain,2021-11-26 04:53:23
31,Bethel,US,41.3712,-73.414,50.05,56,100,5.14,overcast clouds,2021-11-26 04:53:23
32,Pangnirtung,CA,66.1451,-65.7125,19.63,90,100,2.91,overcast clouds,2021-11-26 04:53:24
33,Port Alfred,ZA,-33.5906,26.891,64.13,78,97,26.37,light rain,2021-11-26 04:53:24
34,Huanren,CN,41.2647,125.3667,30.88,46,65,5.48,broken clouds,2021-11-26 04:53:24
35,Sitka,US,57.0531,-135.33,35.49,80,90,23.02,light snow,2021-11-26 04:53:25
36,Lebu,CL,-37.6167,-73.65,52.07,90,21,12.66,few clouds,2021-11-26 04:53:25
37,Kastamonu,TR,41.5,33.6667,29.7,88,5,1.16,clear sky,2021-11-26 04:53:26
38,Kruisfontein,ZA,-34.0033,24.7314,62.89,78,92,22.55,overcast clouds,2021-11-26 04:53:26
39,Skjervoy,NO,70.0311,20.9714,24.53,69,100,18.99,overcast clouds,2021-11-26 04:53:27
40,Yining,CN,29.0361,114.5636,65.55,36,72,4.27,broken clouds,2021-11-26 04:53:27
41,Tanete,ID,-3.9443,119.7848,89.37,58,95,9.75,overcast clouds,2021-11-26 04:53:27
42,Coihaique,CL,-45.5752,-72.0662,46.35,81,90,3.44,light rain,2021-11-26 04:53:28
43,Cape Town,ZA,-33.9258,18.4232,67.1,54,0,6.91,clear sky,2021-11-26 04:49:39
44,Arraial Do Cabo,BR,-22.9661,-42.0278,71.69,85,52,24.54,broken clouds,2021-11-26 04:53:29
45,San Cristobal,VE,7.7669,-72.225,68.18,95,93,0.89,overcast clouds,2021-11-26 04:53:29
46,Sheltozero,RU,61.3667,35.3667,34.75,99,100,10.36,light snow,2021-11-26 04:53:29
47,Cabo San Lucas,MX,22.8909,-109.9124,75.51,78,100,6.04,overcast clouds,2021-11-26 04:49:59
48,Ginda,IN,30.6945,78.4932,58.68,23,0,5.08,clear sky,2021-11-26 04:53:30
49,Nikolskoye,RU,59.7035,30.7861,37.87,96,100,12.12,light rain,2021-11-26 04:53:31
50,Hermanus,ZA,-34.4187,19.2345,64.9,77,12,24.4,few clouds,2021-11-26 04:53:31
51,Teahupoo,PF,-17.8333,-149.2667,78.76,76,10,17.69,clear sky,2021-11-26 04:53:31
52,Sola,VU,-13.8833,167.55,81.27,75,16,15.82,few clouds,2021-11-26 04:53:32
53,Gabas,PH,10.7297,124.7961,83.77,74,100,7.4,overcast clouds,2021-11-26 04:53:32
54,Chapais,CA,49.7834,-74.8492,26.38,98,99,4.29,light snow,2021-11-26 04:53:33
55,Saint-Francois,FR,46.4154,3.9054,34.68,93,90,3.44,mist,2021-11-26 04:53:33
56,Busselton,AU,-33.65,115.3333,87.04,39,22,10.27,few clouds,2021-11-26 04:53:33
57,Boralday,KZ,43.3578,76.8594,33.66,100,90,8.95,shower sleet,2021-11-26 04:53:34
58,Krasnoye,UA,49.9145,24.6134,33.19,73,86,5.19,overcast clouds,2021-11-26 04:53:34
59,Touros,BR,-5.1989,-35.4608,81.5,77,44,12.64,scattered clouds,2021-11-26 04:53:12
60,Mecca,SA,21.4267,39.8261,76.75,62,3,3.24,clear sky,2021-11-26 04:52:17
61,New Norfolk,AU,-42.7826,147.0587,61.66,38,50,4.0,scattered clouds,2021-11-26 04:53:35
62,Maku,IR,39.2911,44.4521,42.42,79,100,1.79,overcast clouds,2021-11-26 04:53:36
63,Kralendijk,BQ,12.15,-68.2667,80.58,83,96,4.61,overcast clouds,2021-11-26 04:53:36
64,Khatanga,RU,71.9667,102.5,-6.3,99,100,3.65,overcast clouds,2021-11-26 04:53:37
65,Korla,CN,41.7597,86.1469,33.57,45,21,6.04,few clouds,2021-11-26 04:53:37
66,Vaini,TO,-21.2,-175.2,84.36,84,75,6.91,broken clouds,2021-11-26 04:53:37
67,Ponta Do Sol,PT,32.6667,-17.1,61.43,74,100,11.27,overcast clouds,2021-11-26 04:53:38
68,Jinchang,CN,38.4953,102.1739,42.08,19,0,4.72,clear sky,2021-11-26 04:53:38
69,Yellowknife,CA,62.456,-114.3525,12.42,91,90,10.36,light snow,2021-11-26 04:53:39
70,Tuatapere,NZ,-46.1333,167.6833,49.1,96,100,5.66,light rain,2021-11-26 04:53:39
71,Fortuna,US,40.5982,-124.1573,49.66,55,100,1.01,overcast clouds,2021-11-26 04:53:39
72,Coquimbo,CL,-29.9533,-71.3436,58.73,88,90,6.91,overcast clouds,2021-11-26 04:53:40
73,Hailar,CN,49.2,119.7,14.92,83,80,7.7,broken clouds,2021-11-26 04:53:40
74,Severo-Kurilsk,RU,50.6789,156.125,34.65,80,84,7.4,broken clouds,2021-11-26 04:53:41
75,Saldanha,ZA,-33.0117,17.9442,71.65,55,38,8.05,scattered clouds,2021-11-26 04:53:41
76,Qaanaaq,GL,77.484,-69.3632,4.17,78,100,5.3,overcast clouds,2021-11-26 04:53:42
77,Caravelas,BR,-17.7125,-39.2481,70.03,82,15,4.09,few clouds,2021-11-26 04:53:42
78,Devils Lake,US,48.1128,-98.8651,21.94,69,90,11.99,overcast clouds,2021-11-26 04:53:42
79,Ribeira Grande,PT,38.5167,-28.7,62.78,67,19,22.79,few clouds,2021-11-26 04:53:43
80,Mandalgovi,MN,45.7625,106.2708,32.88,40,2,16.53,clear sky,2021-11-26 04:53:43
81,Dunmore Town,BS,25.5,-76.65,74.55,63,39,15.19,scattered clouds,2021-11-26 04:53:44
82,Mar Del Plata,AR,-38.0023,-57.5575,62.1,90,0,3.0,clear sky,2021-11-26 04:53:44
83,Khandyga,RU,62.6667,135.6,-16.53,92,23,2.21,few clouds,2021-11-26 04:53:45
84,Aklavik,CA,68.2191,-135.0107,-4.97,96,100,16.04,light snow,2021-11-26 04:53:45
85,Luebo,CD,-5.35,21.4167,69.49,100,100,2.89,light rain,2021-11-26 04:53:46
86,Homer,US,59.6425,-151.5483,17.08,91,100,7.72,light snow,2021-11-26 04:53:16
87,Saskylakh,RU,71.9167,114.0833,-15.83,98,32,9.06,scattered clouds,2021-11-26 04:53:46
88,Henties Bay,NA,-22.116,14.2845,58.86,84,66,4.81,broken clouds,2021-11-26 04:53:47
89,Loikaw,MM,19.6742,97.2094,76.01,69,34,2.73,scattered clouds,2021-11-26 04:53:47
90,Nara,JP,34.6851,135.8049,61.97,36,7,9.89,clear sky,2021-11-26 04:53:48
91,Sambava,MG,-14.2667,50.1667,81.05,66,43,4.23,scattered clouds,2021-11-26 04:53:48
92,Hovd,MN,48.0056,91.6419,39.69,27,92,6.51,overcast clouds,2021-11-26 04:53:49
93,Port Hardy,CA,50.6996,-127.4199,46.4,100,90,3.44,light rain,2021-11-26 04:53:49
94,Mizdah,LY,31.4451,12.9801,51.1,65,39,7.4,scattered clouds,2021-11-26 04:53:50
95,Redmond,US,47.674,-122.1215,48.16,91,100,1.01,overcast clouds,2021-11-26 04:50:54
96,Inhambane,MZ,-23.865,35.3833,73.38,73,40,13.0,light rain,2021-11-26 04:53:50
97,Lorengau,PG,-2.0226,147.2712,85.51,65,85,6.15,overcast clouds,2021-11-26 04:53:51
98,Razdolnoye,RU,43.55,131.9167,25.21,58,1,8.7,clear sky,2021-11-26 04:53:51
99,Itacare,BR,-14.2775,-38.9967,70.93,84,18,8.75,few clouds,2021-11-26 04:53:52
100,Fort Saint James,CA,54.4333,-124.25,34.39,83,99,6.82,overcast clouds,2021-11-26 04:53:52
101,Poum,NC,-20.2333,164.0167,79.12,74,0,12.26,clear sky,2021-11-26 04:53:52
102,Constitucion,CL,-35.3333,-72.4167,56.1,71,0,10.92,clear sky,2021-11-26 04:53:53
103,Paamiut,GL,61.994,-49.6678,34.61,100,100,7.85,moderate rain,2021-11-26 04:53:53
104,Pasighat,IN,28.0667,95.3333,76.46,39,69,3.42,broken clouds,2021-11-26 04:53:54
105,East London,ZA,-33.0153,27.9116,61.74,94,40,8.05,light rain,2021-11-26 04:53:54
106,Itarema,BR,-2.9248,-39.9167,80.17,74,92,12.59,overcast clouds,2021-11-26 04:53:55
107,Puerto Ayora,EC,-0.7393,-90.3518,70.56,91,58,5.99,broken clouds,2021-11-26 04:53:55
108,Butaritari,KI,3.0707,172.7902,82.27,74,94,14.09,overcast clouds,2021-11-26 04:53:55
109,Biltine,TD,14.5333,20.9167,68.83,14,1,10.94,clear sky,2021-11-26 04:53:56
110,Bongandanga,CD,1.5,21.05,71.98,89,34,1.9,scattered clouds,2021-11-26 04:53:56
111,Atuona,PF,-9.8,-139.0333,78.73,79,8,19.15,clear sky,2021-11-26 04:53:57
112,Issoire,FR,45.55,3.25,34.86,95,93,3.0,overcast clouds,2021-11-26 04:53:57
113,Nelson Bay,AU,-32.7167,152.15,65.75,96,100,4.0,light rain,2021-11-26 04:53:57
114,Kapaa,US,22.0752,-159.319,78.78,77,25,1.01,light rain,2021-11-26 04:53:58
115,Freeport,US,40.6576,-73.5832,51.53,60,100,1.01,overcast clouds,2021-11-26 04:53:58
116,Kavaratti,IN,10.5669,72.642,82.15,71,100,0.43,overcast clouds,2021-11-26 04:53:59
117,Hulan Ergi,CN,47.2042,123.6333,23.56,59,34,6.55,scattered clouds,2021-11-26 04:53:59
118,Kaitangata,NZ,-46.2817,169.8464,49.41,96,100,5.97,light rain,2021-11-26 04:54:00
119,Veraval,IN,20.9,70.3667,82.53,33,29,4.56,scattered clouds,2021-11-26 04:54:00
120,Porto Santo,PT,33.072,-16.3415,61.18,59,40,17.27,scattered clouds,2021-11-26 04:54:00
121,Pisco,PE,-13.7,-76.2167,64.45,88,0,2.3,clear sky,2021-11-26 04:54:01
122,Faanui,PF,-16.4833,-151.75,82.29,76,27,20.31,light rain,2021-11-26 04:54:01
123,Mount Isa,AU,-20.7333,139.5,85.77,32,75,13.8,broken clouds,2021-11-26 04:54:02
124,Lompoc,US,34.6391,-120.4579,58.42,90,1,6.91,clear sky,2021-11-26 04:54:02
125,Champerico,GT,14.3,-91.9167,79.03,81,38,3.71,scattered clouds,2021-11-26 04:54:03
126,Boyolangu,ID,-8.1181,111.8935,85.53,69,73,9.89,light rain,2021-11-26 04:54:03
127,Palu,ID,-0.8917,119.8707,86.68,74,99,4.21,overcast clouds,2021-11-26 04:54:04
128,Tamandare,BR,-8.7597,-35.1047,77.63,81,45,6.22,scattered clouds,2021-11-26 04:54:04
129,Moose Factory,CA,51.2585,-80.6094,8.6,72,90,13.8,overcast clouds,2021-11-26 04:54:04
130,Saint Anthony,US,45.0205,-93.218,16.93,61,1,0.0,clear sky,2021-11-26 04:54:05
131,Gornopravdinsk,RU,60.05,69.9,9.95,92,98,9.62,overcast clouds,2021-11-26 04:54:06
132,Aswan,EG,24.0934,32.907,63.7,36,0,9.22,clear sky,2021-11-26 04:54:06
133,Lagoa,PT,39.05,-27.9833,61.81,65,26,29.8,scattered clouds,2021-11-26 04:54:06
134,Woodward,US,36.4337,-99.3904,31.12,64,1,8.05,clear sky,2021-11-26 04:54:07
135,Hambantota,LK,6.1241,81.1185,82.74,89,20,5.75,few clouds,2021-11-26 04:54:07
136,Bluff,NZ,-46.6,168.3333,49.57,89,100,15.68,light rain,2021-11-26 04:54:08
137,Hervey Bay,AU,-25.2986,152.8535,81.03,84,100,8.01,overcast clouds,2021-11-26 04:54:08
138,Tuktoyaktuk,CA,69.4541,-133.0374,-2.2,84,75,17.27,broken clouds,2021-11-26 04:54:09
139,Wanning,CN,18.8003,110.3967,77.31,56,5,14.63,clear sky,2021-11-26 04:54:09
140,Campohermoso,ES,36.9357,-2.1337,55.72,65,95,3.06,overcast clouds,2021-11-26 04:54:10
141,Tasiilaq,GL,65.6145,-37.6368,19.72,57,100,5.91,overcast clouds,2021-11-26 04:54:10
142,Plettenberg Bay,ZA,-34.0527,23.3716,63.75,72,54,17.76,broken clouds,2021-11-26 04:54:10
143,Castro,BR,-24.7911,-50.0119,62.96,97,100,10.02,overcast clouds,2021-11-26 04:54:11
144,Oktyabrskoye,RU,43.0645,44.7417,28.54,92,100,6.71,overcast clouds,2021-11-26 04:54:11
145,Srivardhan,IN,18.0333,73.0167,86.0,49,7,3.62,clear sky,2021-11-26 04:54:12
146,Eyl,SO,7.9803,49.8164,82.09,68,94,18.34,overcast clouds,2021-11-26 04:54:12
147,Dharchula,IN,29.85,80.5333,63.82,32,0,5.23,clear sky,2021-11-26 04:54:12
148,Urumqi,CN,43.801,87.6005,25.75,69,74,11.18,smoke,2021-11-26 04:54:13
149,Ceyhan,TR,37.0247,35.8175,53.44,83,89,2.57,overcast clouds,2021-11-26 04:54:14
150,Belmonte,BR,-15.8631,-38.8828,70.3,76,25,5.3,scattered clouds,2021-11-26 04:52:13
151,Colares,PT,38.7992,-9.4469,50.29,72,0,8.01,clear sky,2021-11-26 04:54:14
152,Tura,IN,25.5198,90.2201,73.53,45,0,1.79,clear sky,2021-11-26 04:54:15
153,Cockburn Town,TC,21.4612,-71.1419,77.92,67,28,16.49,scattered clouds,2021-11-26 04:54:15
154,Panorama,GR,40.5878,23.0315,48.96,68,20,1.99,few clouds,2021-11-26 04:54:16
155,Bairiki,KI,1.3292,172.9752,86.0,70,20,13.8,few clouds,2021-11-26 04:54:16
156,Chardara,KZ,41.2547,67.9692,38.57,62,100,11.95,overcast clouds,2021-11-26 04:54:16
157,Vinukonda,IN,16.05,79.75,81.43,71,51,6.85,broken clouds,2021-11-26 04:54:17
158,Valeni,RO,46.5928,28.0625,36.05,88,0,12.93,clear sky,2021-11-26 04:54:17
159,Iqaluit,CA,63.7506,-68.5145,22.73,80,75,9.22,broken clouds,2021-11-26 04:54:18
160,Bilma,NE,18.6853,12.9164,71.78,21,0,7.9,clear sky,2021-11-26 04:54:18
161,Culebra,PR,18.303,-65.301,79.0,84,31,10.0,scattered clouds,2021-11-26 04:54:18
162,Kirakira,SB,-10.4544,161.9205,82.44,79,92,5.03,overcast clouds,2021-11-26 04:54:19
163,Paita,PE,-5.0892,-81.1144,65.8,85,94,8.95,overcast clouds,2021-11-26 04:52:12
164,Belmopan,BZ,17.25,-88.7667,71.98,93,94,1.48,overcast clouds,2021-11-26 04:54:20
165,Treinta Y Tres,UY,-33.2333,-54.3833,61.56,98,99,9.66,overcast clouds,2021-11-26 04:54:20
166,Binzhou,CN,37.3667,118.0167,53.2,36,0,7.83,clear sky,2021-11-26 04:54:20
167,Lata,PT,40.1629,-8.3327,44.82,84,5,4.74,clear sky,2021-11-26 04:54:21
168,Kismayo,SO,-0.3582,42.5454,82.4,77,63,12.39,broken clouds,2021-11-26 04:54:21
169,Monterey,US,36.2505,-121.2516,50.09,35,98,2.89,overcast clouds,2021-11-26 04:54:22
170,Yumen,CN,40.2833,97.2,39.11,20,0,1.7,clear sky,2021-11-26 04:54:22
171,Mahebourg,MU,-20.4081,57.7,80.89,69,20,3.44,few clouds,2021-11-26 04:54:23
172,Bengkulu,ID,-3.8004,102.2655,86.07,61,57,9.66,broken clouds,2021-11-26 04:54:23
173,Akdepe,TM,42.0551,59.3788,28.49,63,5,9.55,clear sky,2021-11-26 04:54:24
174,Naryan-Mar,RU,67.6713,53.087,-2.92,97,42,5.61,scattered clouds,2021-11-26 04:54:24
175,Ambon,ID,-3.6954,128.1814,89.74,66,40,6.91,scattered clouds,2021-11-26 04:54:24
176,Georgetown,MY,5.4112,100.3354,84.13,79,20,5.99,moderate rain,2021-11-26 04:54:25
177,Pangkalanbuun,ID,-2.6833,111.6167,87.19,61,100,4.92,moderate rain,2021-11-26 04:54:25
178,Esperance,AU,-33.8667,121.9,76.84,57,0,16.15,clear sky,2021-11-26 04:54:26
179,Lang Son,VN,21.8333,106.7333,71.94,48,35,7.99,scattered clouds,2021-11-26 04:49:37
180,Rio Gallegos,AR,-51.6226,-69.2181,41.05,60,0,12.66,clear sky,2021-11-26 04:51:18
181,Avera,US,33.194,-82.5271,55.53,86,41,7.85,scattered clouds,2021-11-26 04:54:26
182,Faya,SA,18.3851,42.4509,51.91,48,4,2.39,clear sky,2021-11-26 04:54:27
183,Clyde River,CA,70.4692,-68.5914,-6.38,99,97,3.49,overcast clouds,2021-11-26 04:54:27
184,Avarua,CK,-21.2078,-159.775,80.65,83,52,10.36,broken clouds,2021-11-26 04:54:28
185,Salalah,OM,17.0151,54.0924,84.47,35,56,6.24,broken clouds,2021-11-26 04:54:28
186,Kieta,PG,-6.2167,155.6333,82.62,76,34,0.83,light rain,2021-11-26 04:54:28
187,Thinadhoo,MV,0.5333,72.9333,81.18,70,68,10.96,broken clouds,2021-11-26 04:54:29
188,Ongandjera,NA,-17.8833,15.0667,69.24,17,2,2.86,clear sky,2021-11-26 04:54:29
189,Monticello,US,45.3055,-93.7941,18.57,79,1,0.0,clear sky,2021-11-26 04:54:30
190,Araouane,ML,18.9048,-3.5265,73.76,36,54,6.87,broken clouds,2021-11-26 04:54:30
191,Boshan,CN,36.4833,117.8333,48.81,36,0,7.94,clear sky,2021-11-26 04:54:31
192,Parauna,BR,-16.9478,-50.4486,72.46,66,83,2.57,broken clouds,2021-11-26 04:54:31
193,Hilo,US,19.7297,-155.09,71.33,92,90,5.75,overcast clouds,2021-11-26 04:51:42
194,Isangel,VU,-19.55,169.2667,82.96,65,88,3.31,overcast clouds,2021-11-26 04:54:32
195,Fare,PF,-16.7,-151.0167,82.13,72,37,18.45,scattered clouds,2021-11-26 04:54:32
196,Emba,KZ,48.8264,58.1442,18.73,94,92,6.35,overcast clouds,2021-11-26 04:54:33
197,Santa Cruz Del Sur,CU,20.7147,-77.9956,70.18,77,18,11.74,few clouds,2021-11-26 04:54:33
198,Alice Springs,AU,-23.7,133.8833,76.55,47,40,12.66,scattered clouds,2021-11-26 04:54:34
199,Aleppo,SY,36.25,37.5,53.53,84,9,3.4,clear sky,2021-11-26 04:54:34
200,Arvika,SE,59.6553,12.5852,20.01,59,100,1.72,overcast clouds,2021-11-26 04:54:35
201,Valdivia,CL,-39.8142,-73.2459,48.29,96,99,2.26,overcast clouds,2021-11-26 04:54:35
202,Souillac,MU,-20.5167,57.5167,80.98,69,20,3.44,few clouds,2021-11-26 04:54:35
203,Beya,RU,53.0533,90.9139,24.01,74,100,13.89,overcast clouds,2021-11-26 04:54:36
204,Ilulissat,GL,69.2167,-51.1,16.14,80,100,4.25,overcast clouds,2021-11-26 04:54:36
205,Pindushi,RU,62.9152,34.58,18.14,97,100,2.28,overcast clouds,2021-11-26 04:54:37
206,Bukachacha,RU,52.9833,116.9167,11.35,76,67,2.68,broken clouds,2021-11-26 04:54:37
207,Kampong Thum,KH,12.7111,104.8887,85.41,58,59,4.85,broken clouds,2021-11-26 04:54:37
208,Nuuk,GL,64.1835,-51.7216,24.76,83,100,7.43,overcast clouds,2021-11-26 04:54:38
209,Victor Harbor,AU,-35.5667,138.6167,67.71,69,7,5.01,clear sky,2021-11-26 04:54:38
210,Sosnovo-Ozerskoye,RU,52.5249,111.5418,22.1,72,96,1.28,overcast clouds,2021-11-26 04:54:39
211,Cochrane,CA,51.1834,-114.4687,45.23,49,1,5.75,clear sky,2021-11-26 04:54:39
212,Dikson,RU,73.5069,80.5464,-9.8,100,96,5.12,overcast clouds,2021-11-26 04:54:39
213,Santa Cruz,BO,-17.8,-63.1667,74.66,94,75,13.8,broken clouds,2021-11-26 04:54:40
214,Nome,US,64.5011,-165.4064,-15.84,81,74,4.41,broken clouds,2021-11-26 04:54:41
215,La Ronge,CA,55.1001,-105.2842,17.85,79,40,9.22,scattered clouds,2021-11-26 04:54:41
216,Aldan,RU,58.6031,125.3894,9.5,86,63,2.26,broken clouds,2021-11-26 04:54:42
217,Vuktyl,RU,63.8567,57.3094,2.89,98,93,4.7,overcast clouds,2021-11-26 04:54:42
218,Sumbe,AO,-11.2061,13.8437,76.62,83,100,5.12,overcast clouds,2021-11-26 04:54:43
219,College,US,64.8569,-147.8028,-2.42,71,90,0.0,light snow,2021-11-26 04:54:43
220,Pemangkat,ID,1.1667,108.9667,85.14,67,71,7.31,broken clouds,2021-11-26 04:54:44
221,Palana,RU,59.1167,159.9667,5.74,84,29,20.04,scattered clouds,2021-11-26 04:54:44
222,Dumas,US,35.8656,-101.9732,35.74,38,1,12.66,clear sky,2021-11-26 04:53:40
223,Pecos,US,31.4229,-103.4932,48.31,42,1,0.0,clear sky,2021-11-26 04:54:45
224,Ancud,CL,-41.8697,-73.8203,49.53,84,100,6.13,overcast clouds,2021-11-26 04:54:45
225,Karasburg,NA,-28.0167,18.75,63.61,41,2,12.46,clear sky,2021-11-26 04:54:45
226,Cidreira,BR,-30.1811,-50.2056,69.49,96,92,7.99,overcast clouds,2021-11-26 04:54:46
227,Hermosillo,MX,29.0667,-110.9667,71.85,56,0,3.0,clear sky,2021-11-26 04:53:40
228,Biak,ID,-0.9131,122.8766,83.82,70,100,0.63,overcast clouds,2021-11-26 04:54:46
229,Airai,TL,-8.9266,125.4092,75.25,64,46,1.9,scattered clouds,2021-11-26 04:54:47
230,Sawakin,SD,19.1059,37.3321,78.55,68,98,10.09,overcast clouds,2021-11-26 04:54:47
231,Kajaani,FI,64.2273,27.7285,14.05,85,90,1.14,light shower snow,2021-11-26 04:54:48
232,Playa Del Carmen,MX,20.6274,-87.0799,71.2,79,56,5.84,broken clouds,2021-11-26 04:54:03
233,Recea,RO,47.6333,23.5167,41.99,75,90,3.44,overcast clouds,2021-11-26 04:54:49
234,Vao,NC,-22.6667,167.4833,75.51,85,35,12.93,scattered clouds,2021-11-26 04:54:49
235,Sant Julia De Loria,AD,42.4625,1.4825,36.34,93,42,7.54,scattered clouds,2021-11-26 04:54:49
236,Anadyr,RU,64.75,177.4833,-7.1,71,0,8.95,clear sky,2021-11-26 04:54:50
237,Udachnyy,RU,66.4167,112.4,-6.5,99,100,5.03,overcast clouds,2021-11-26 04:54:51
238,Tiksi,RU,71.6872,128.8694,4.91,79,100,7.38,overcast clouds,2021-11-26 04:54:51
239,Kalanguy,RU,51.0167,116.5167,20.34,72,64,4.68,broken clouds,2021-11-26 04:54:52
240,Victoria,HK,22.2855,114.1577,78.04,55,2,1.01,clear sky,2021-11-26 04:49:55
241,Hithadhoo,MV,-0.6,73.0833,81.39,69,79,12.82,broken clouds,2021-11-26 04:54:52
242,Lasa,IT,46.6166,10.7002,42.26,94,100,3.65,overcast clouds,2021-11-26 04:54:53
243,Marquette,US,46.5333,-87.6335,21.34,67,71,11.52,broken clouds,2021-11-26 04:54:53
244,Beyneu,KZ,45.3167,55.2,28.36,36,0,7.11,clear sky,2021-11-26 04:54:54
245,Petropavlovsk-Kamchatskiy,RU,53.0452,158.6483,34.39,69,75,2.24,light rain,2021-11-26 04:54:54
246,Caborca,MX,30.5838,-111.101,54.32,50,7,9.28,clear sky,2021-11-26 04:54:55
247,Alyangula,AU,-13.8483,136.4192,80.47,83,90,5.75,overcast clouds,2021-11-26 04:54:55
248,Butka,RU,56.7179,63.7866,9.79,92,16,6.96,few clouds,2021-11-26 04:54:55
249,Seydi,TM,39.4816,62.9137,40.33,50,100,12.01,overcast clouds,2021-11-26 04:54:56
250,Eregli,TR,37.5133,34.0467,41.88,84,2,2.24,clear sky,2021-11-26 04:54:56
251,Synya,RU,65.3718,58.0387,-2.79,100,92,4.32,overcast clouds,2021-11-26 04:54:57
252,Egvekinot,RU,66.3167,-179.1667,-19.48,88,62,10.78,broken clouds,2021-11-26 04:54:57
253,Jardim,BR,-21.4803,-56.1381,70.77,98,100,2.37,overcast clouds,2021-11-26 04:54:57
254,Nanzhang,CN,31.7765,111.8386,65.26,33,6,7.72,clear sky,2021-11-26 04:54:58
255,Kayseri,TR,38.737,35.4968,35.62,100,75,1.14,fog,2021-11-26 04:53:16
256,Baherden,TM,38.4362,57.4316,47.23,52,93,9.4,overcast clouds,2021-11-26 04:54:58
257,Katsuura,JP,35.1333,140.3,59.11,46,0,2.59,clear sky,2021-11-26 04:54:59
258,Sioux Lookout,CA,50.1001,-91.917,7.18,92,20,0.0,few clouds,2021-11-26 04:54:59
259,Erdenet,MN,49.0333,104.0833,28.94,58,100,5.37,overcast clouds,2021-11-26 04:55:00
260,Richards Bay,ZA,-28.783,32.0377,65.57,76,100,2.28,overcast clouds,2021-11-26 04:55:00
261,Bosaso,SO,11.2842,49.1816,78.78,83,40,0.0,scattered clouds,2021-11-26 04:51:00
262,Yulara,AU,-25.2406,130.9889,80.44,34,0,10.36,clear sky,2021-11-26 04:55:01
263,Salisbury,GB,51.0693,-1.7957,45.32,89,95,12.01,overcast clouds,2021-11-26 04:53:52
264,Kutum,SD,14.2,24.6667,57.83,21,1,6.35,clear sky,2021-11-26 04:55:01
265,Portobelo,PA,9.55,-79.65,76.05,91,100,3.62,overcast clouds,2021-11-26 04:55:02
266,Guerrero Negro,MX,27.9769,-114.0611,66.06,50,2,7.05,clear sky,2021-11-26 04:55:02
267,Launceston,AU,-41.45,147.1667,66.15,47,75,8.01,broken clouds,2021-11-26 04:55:02
268,Mindelo,CV,16.8901,-24.9804,74.75,78,75,16.11,broken clouds,2021-11-26 04:55:03
269,Ayorou,NE,14.7308,0.9174,76.21,26,0,9.37,clear sky,2021-11-26 04:55:03
270,Itupiranga,BR,-5.1347,-49.3267,75.52,93,100,1.41,overcast clouds,2021-11-26 04:55:04
271,Sakakah,SA,29.9697,40.2064,49.57,48,32,5.21,scattered clouds,2021-11-26 04:55:04
272,Karben,DE,50.2302,8.7716,38.32,89,65,4.0,broken clouds,2021-11-26 04:55:05
273,Vostok,RU,46.4856,135.8833,14.88,90,100,4.97,light snow,2021-11-26 04:55:05
274,Maine-Soroa,NE,13.2114,12.0241,70.47,24,3,8.14,clear sky,2021-11-26 04:55:06
275,Tonj,SS,7.2737,28.6822,73.47,30,23,4.27,few clouds,2021-11-26 04:55:06
276,Eureka,US,40.8021,-124.1637,49.93,90,100,0.6,overcast clouds,2021-11-26 04:55:06
277,Longyearbyen,SJ,78.2186,15.6401,6.64,51,40,8.05,scattered clouds,2021-11-26 04:55:07
278,Chuy,UY,-33.6971,-53.4616,63.64,95,98,10.2,overcast clouds,2021-11-26 04:55:07
279,Alenquer,BR,-1.9417,-54.7383,77.34,87,77,2.71,broken clouds,2021-11-26 04:55:08
280,Rocha,UY,-34.4833,-54.3333,61.65,88,100,7.38,overcast clouds,2021-11-26 04:55:08
281,Bilibino,RU,68.0546,166.4372,-33.61,99,86,3.87,overcast clouds,2021-11-26 04:55:08
282,Ryotsu,JP,38.0833,138.4333,49.96,69,95,16.75,light rain,2021-11-26 04:55:09
283,Chapada Dos Guimaraes,BR,-15.4606,-55.7497,71.26,93,100,4.99,overcast clouds,2021-11-26 04:55:09
284,Provideniya,RU,64.3833,-173.3,1.51,60,20,6.71,few clouds,2021-11-26 04:55:10
285,Ekhabi,RU,53.5102,142.9671,31.24,82,100,24.02,overcast clouds,2021-11-26 04:55:10
286,Pevek,RU,69.7008,170.3133,-19.03,100,100,4.25,overcast clouds,2021-11-26 04:55:11
287,Chokurdakh,RU,70.6333,147.9167,-30.42,100,37,3.4,scattered clouds,2021-11-26 04:55:11
288,Ukiah,US,39.1502,-123.2078,55.38,70,1,0.0,clear sky,2021-11-26 04:51:40
289,Rorvik,NO,64.8621,11.2373,34.29,67,100,8.81,light rain,2021-11-26 04:55:12
290,Singkang,MY,2.1006,102.7994,82.29,66,99,4.43,overcast clouds,2021-11-26 04:55:12
291,Buin,CL,-33.7333,-70.75,72.73,52,2,0.54,clear sky,2021-11-26 04:55:13
292,Gondanglegi,ID,-7.7479,112.0132,89.17,61,63,12.19,light rain,2021-11-26 04:55:13
293,Cabinda,AO,-5.55,12.2,77.11,89,99,4.47,overcast clouds,2021-11-26 04:55:14
294,Wuwei,CN,37.9281,102.6414,42.91,17,1,5.48,clear sky,2021-11-26 04:55:14
295,Torbay,CA,47.6666,-52.7314,51.28,99,90,20.71,light intensity drizzle,2021-11-26 04:55:15
296,Along,IN,28.1667,94.7667,75.02,39,44,1.12,scattered clouds,2021-11-26 04:55:15
297,Borovoy,RU,55.4333,86.0833,7.88,78,40,8.95,light shower snow,2021-11-26 04:55:16
298,Wakiso,UG,0.4044,32.4594,63.95,87,99,2.26,light rain,2021-11-26 04:55:16
299,Levice,SK,48.2156,18.6071,41.5,79,100,9.08,overcast clouds,2021-11-26 04:55:16
300,Lerwick,GB,60.1545,-1.1494,39.2,68,98,18.01,overcast clouds,2021-11-26 04:55:17
301,Chahal,GT,15.75,-89.5667,67.12,99,61,1.5,broken clouds,2021-11-26 04:55:17
302,Hualmay,PE,-11.0964,-77.6139,65.84,87,99,7.25,overcast clouds,2021-11-26 04:55:18
303,Putina,PE,-15.4667,-69.4333,47.01,73,92,5.5,overcast clouds,2021-11-26 04:55:18
304,Bereda,ES,43.2686,-7.5406,43.41,100,100,2.98,overcast clouds,2021-11-26 04:55:19
305,Sangar,RU,63.9242,127.4739,-4.72,91,100,9.44,overcast clouds,2021-11-26 04:55:19
306,San Quintin,MX,30.4833,-115.95,63.77,43,0,1.88,clear sky,2021-11-26 04:55:20
307,Gragnano,IT,40.6956,14.5123,55.02,91,64,9.13,broken clouds,2021-11-26 04:55:20
308,Bobcaygeon,CA,44.5462,-78.542,40.87,97,100,8.21,light rain,2021-11-26 04:55:21
309,Griffith,US,41.5284,-87.4237,29.05,65,75,1.99,broken clouds,2021-11-26 04:54:01
310,Xining,CN,36.6167,101.7667,36.82,25,2,1.81,clear sky,2021-11-26 04:55:21
311,Atar,MR,20.5169,-13.0499,75.83,31,78,2.68,broken clouds,2021-11-26 04:55:22
312,Bambous Virieux,MU,-20.3428,57.7575,80.85,69,20,3.44,few clouds,2021-11-26 04:55:22
313,Maniitsoq,GL,65.4167,-52.9,26.91,63,100,7.45,overcast clouds,2021-11-26 04:55:23
314,Majene,ID,-3.5403,118.9707,87.55,62,96,9.55,overcast clouds,2021-11-26 04:55:23
315,Yantal,RU,56.8471,105.2542,32.79,73,100,9.35,overcast clouds,2021-11-26 04:55:24
316,Vardo,NO,70.3705,31.1107,12.4,58,98,13.94,overcast clouds,2021-11-26 04:55:24
317,Arki,IN,31.15,76.9667,63.9,27,0,1.28,clear sky,2021-11-26 04:55:24
318,Zhigansk,RU,66.7697,123.3711,-3.57,97,100,14.12,light snow,2021-11-26 04:55:25
319,Gizo,SB,-8.103,156.8419,84.47,69,15,2.59,light rain,2021-11-26 04:55:25
320,Muravlenko,RU,63.7898,74.523,0.12,94,89,11.14,overcast clouds,2021-11-26 04:55:26
321,Kogon,UZ,39.7228,64.5517,38.84,70,0,13.8,clear sky,2021-11-26 04:55:26
322,Okitipupa,NG,6.5047,4.7839,74.39,98,11,1.48,few clouds,2021-11-26 04:55:27
323,Lyngseidet,NO,69.5763,20.2189,16.47,80,100,11.12,overcast clouds,2021-11-26 04:55:27
324,Mount Gambier,AU,-37.8333,140.7667,58.91,72,90,20.71,overcast clouds,2021-11-26 04:55:27
325,Mayo,US,38.8876,-76.5119,51.13,84,100,5.3,overcast clouds,2021-11-26 04:55:28
326,Hongjiang,CN,27.11,109.9956,66.18,43,0,4.5,clear sky,2021-11-26 04:55:28
327,Los Llanos De Aridane,ES,28.6585,-17.9182,61.12,88,0,5.99,clear sky,2021-11-26 04:55:29
328,Terney,RU,45.0503,136.6092,29.64,62,48,14.18,light snow,2021-11-26 04:55:29
329,Mandurah,AU,-32.55,115.7,94.21,50,56,13.22,broken clouds,2021-11-26 04:55:29
330,Fuerte Olimpo,PY,-21.0415,-57.8738,73.87,96,93,3.15,light rain,2021-11-26 04:55:30
331,Margate,GB,51.3813,1.3862,39.04,78,98,3.0,overcast clouds,2021-11-26 04:55:30
332,Predivinsk,RU,57.0669,93.4378,15.22,85,100,11.86,overcast clouds,2021-11-26 04:55:31
333,Hasaki,JP,35.7333,140.8333,62.89,65,51,9.64,broken clouds,2021-11-26 04:55:31
334,Quelimane,MZ,-17.8786,36.8883,76.95,83,75,5.99,light rain,2021-11-26 04:55:31
335,Kaeo,NZ,-35.1,173.7833,64.36,73,58,3.78,broken clouds,2021-11-26 04:55:32
336,Tecoanapa,MX,16.5167,-98.75,76.96,81,0,4.45,clear sky,2021-11-26 04:55:32
337,Ternate,ID,0.8,127.4,82.24,78,100,7.25,light rain,2021-11-26 04:55:33
338,Flin Flon,CA,54.7682,-101.865,19.4,92,100,8.3,overcast clouds,2021-11-26 04:55:33
339,Damghan,IR,36.1683,54.348,49.33,54,98,1.54,overcast clouds,2021-11-26 04:55:33
340,Batamshinskiy,KZ,50.5594,58.2747,22.98,95,72,13.96,broken clouds,2021-11-26 04:55:34
341,Pasni,PK,25.2631,63.471,78.6,33,0,9.1,clear sky,2021-11-26 04:55:34
342,Nisia Floresta,BR,-6.0911,-35.2086,81.41,86,60,5.75,broken clouds,2021-11-26 04:55:35
343,Cap Malheureux,MU,-19.9842,57.6142,81.09,72,3,6.33,clear sky,2021-11-26 04:55:35
344,Vestmannaeyjar,IS,63.4427,-20.2734,31.14,63,0,27.4,clear sky,2021-11-26 04:55:36
345,Huambo,AO,-12.7761,15.7392,59.72,91,92,1.9,overcast clouds,2021-11-26 04:55:36
346,Neuquen,AR,-38.9516,-68.0591,69.69,40,0,6.91,clear sky,2021-11-26 04:52:25
347,Iisalmi,FI,63.5592,27.1907,15.82,96,100,1.83,overcast clouds,2021-11-26 04:55:37
348,Antiguo Morelos,MX,22.5495,-99.0812,66.11,87,90,8.88,overcast clouds,2021-11-26 04:55:37
349,Kunya,NG,12.2233,8.5325,64.56,52,0,0.0,clear sky,2021-11-26 04:55:37
350,Komsomolskiy,UZ,40.4272,71.7189,47.12,81,75,6.91,mist,2021-11-26 04:55:38
351,Bra,IT,44.703,7.8556,44.1,88,99,4.14,overcast clouds,2021-11-26 04:55:38
352,Baykit,RU,61.67,96.37,12.15,93,100,3.13,light snow,2021-11-26 04:55:39
353,Port Hueneme,US,34.1478,-119.1951,67.87,17,1,14.97,clear sky,2021-11-26 04:55:39
354,Saint George,US,37.1041,-113.5841,46.99,36,1,5.99,clear sky,2021-11-26 04:51:02
355,Sibolga,ID,1.7427,98.7792,85.75,63,99,4.32,overcast clouds,2021-11-26 04:55:40
356,Worthington,US,40.0931,-83.018,40.89,87,90,4.0,overcast clouds,2021-11-26 04:55:40
357,Susuman,RU,62.7833,148.1667,-38.0,100,94,0.87,overcast clouds,2021-11-26 04:55:41
358,Ketchikan,US,55.3422,-131.6461,42.78,82,97,26.57,light rain,2021-11-26 04:55:41
359,Yermish,RU,54.7678,42.2711,29.88,89,70,16.46,broken clouds,2021-11-26 04:55:42
360,Pastavy,BY,55.1168,26.8326,33.53,83,100,14.52,overcast clouds,2021-11-26 04:55:42
361,Namtsy,RU,62.7161,129.6658,-12.89,100,82,0.83,broken clouds,2021-11-26 04:55:43
362,Saint-Philippe,RE,-21.3585,55.7679,82.47,78,38,2.39,scattered clouds,2021-11-26 04:55:43
363,Chistogorskiy,RU,53.9835,87.3843,13.3,90,91,5.84,overcast clouds,2021-11-26 04:55:43
364,Lincoln,US,40.8,-96.667,32.16,65,35,4.0,scattered clouds,2021-11-26 04:55:44
365,Pangai,TO,-19.8,-174.35,86.11,66,40,8.05,light rain,2021-11-26 04:55:44
366,Lacolle,CA,45.0834,-73.3659,36.99,97,100,6.29,light rain,2021-11-26 04:55:45
367,Basco,PH,20.4487,121.9702,78.84,82,100,23.53,overcast clouds,2021-11-26 04:55:45
368,Minab,IR,27.1467,57.0801,69.3,26,0,4.32,clear sky,2021-11-26 04:55:45
369,North Bend,US,43.4065,-124.2243,52.86,92,1,5.75,clear sky,2021-11-26 04:55:46
370,Kaka,TM,37.3482,59.6143,47.62,60,100,7.2,overcast clouds,2021-11-26 04:55:46
371,Tessalit,ML,20.1986,1.0114,71.08,40,4,4.81,clear sky,2021-11-26 04:55:47
372,Batagay-Alyta,RU,67.8006,130.4114,-20.85,82,100,1.25,overcast clouds,2021-11-26 04:55:47
373,Nizhniy Chir,RU,48.3597,43.0865,29.25,72,0,10.2,clear sky,2021-11-26 04:55:47
374,Dillon,US,34.4166,-79.3712,54.25,82,64,10.65,broken clouds,2021-11-26 04:55:48
375,Drochia,MD,48.035,27.8161,35.26,90,1,7.56,clear sky,2021-11-26 04:55:48
376,Mayumba,GA,-3.432,10.6554,75.2,89,99,4.41,overcast clouds,2021-11-26 04:55:49
377,Mezen,RU,65.8522,44.24,16.9,92,100,9.22,overcast clouds,2021-11-26 04:55:49
378,Hvolsvollur,IS,63.7533,-20.2243,24.55,66,0,12.08,clear sky,2021-11-26 04:55:49
379,Batagay,RU,67.6333,134.6333,-35.07,97,43,2.82,scattered clouds,2021-11-26 04:55:50
380,Storforshei,NO,66.4043,14.5233,1.18,71,0,2.3,clear sky,2021-11-26 04:55:50
381,Pingliang,CN,35.5392,106.6861,47.26,24,100,7.58,overcast clouds,2021-11-26 04:55:51
382,Beringovskiy,RU,63.05,179.3167,1.94,94,100,10.92,overcast clouds,2021-11-26 04:55:51
383,Bar Harbor,US,44.3876,-68.2039,40.01,76,1,0.0,clear sky,2021-11-26 04:55:51
384,Kamenka,RU,51.3223,42.7678,24.75,91,15,11.18,few clouds,2021-11-26 04:55:52
385,Ngunguru,NZ,-35.6167,174.5,64.89,70,29,8.52,scattered clouds,2021-11-26 04:55:52
386,Gaziantep,TR,37.0594,37.3825,49.57,100,90,0.0,mist,2021-11-26 04:55:53
387,Kahului,US,20.8947,-156.47,77.02,75,40,16.11,scattered clouds,2021-11-26 04:53:47
388,Tolaga Bay,NZ,-38.3667,178.3,72.32,55,3,9.48,clear sky,2021-11-26 04:55:53
389,Ulladulla,AU,-35.35,150.4667,61.77,92,100,20.15,light rain,2021-11-26 04:55:54
390,Bolobo,CD,-2.1667,16.2333,69.75,95,100,2.75,overcast clouds,2021-11-26 04:55:54
391,Nybro,SE,56.7446,15.9071,37.04,96,100,4.0,overcast clouds,2021-11-26 04:55:54
392,Mauriti,BR,-7.3892,-38.7744,77.31,72,92,2.06,overcast clouds,2021-11-26 04:55:55
393,Rognan,NO,67.0953,15.3878,19.06,84,28,8.34,scattered clouds,2021-11-26 04:55:55
394,Walvis Bay,NA,-22.9575,14.5053,59.09,82,90,11.5,overcast clouds,2021-11-26 04:55:56
395,Bandarbeyla,SO,9.4942,50.8122,81.1,75,97,15.93,overcast clouds,2021-11-26 04:55:56
396,Bonavista,CA,48.6499,-53.1147,49.12,98,100,21.83,light rain,2021-11-26 04:55:56
397,Port Hedland,AU,-20.3167,118.5667,98.65,12,21,14.97,few clouds,2021-11-26 04:55:57
398,Magadan,RU,59.5667,150.8,1.83,69,12,9.57,few clouds,2021-11-26 04:55:57
399,Sinop,TR,41.7711,34.8709,36.73,79,6,10.94,clear sky,2021-11-26 04:55:58
400,Dubbo,AU,-32.25,148.6167,71.73,73,75,19.57,light rain,2021-11-26 04:55:58
401,Albertville,US,34.2676,-86.2089,53.55,93,90,9.22,overcast clouds,2021-11-26 04:55:59
402,Honiara,SB,-9.4333,159.95,81.61,79,99,3.51,overcast clouds,2021-11-26 04:51:23
403,Vila,PT,42.0304,-8.1588,39.33,82,93,7.54,overcast clouds,2021-11-26 04:55:59
404,Jibuti,DJ,11.5,42.5,76.42,68,61,8.88,broken clouds,2021-11-26 04:51:16
405,Atoyac,MX,20.0167,-103.5333,57.09,50,8,1.34,clear sky,2021-11-26 04:56:00
406,Methoni,GR,36.8197,21.7049,58.21,86,100,25.39,overcast clouds,2021-11-26 04:56:00
407,Ayagoz,KZ,47.9714,80.4392,11.46,91,98,11.79,overcast clouds,2021-11-26 04:56:01
408,Kaiyuan,CN,23.6977,103.3037,63.54,67,71,1.95,broken clouds,2021-11-26 04:56:01
409,Talikota,IN,16.4833,76.3167,78.73,57,62,8.68,broken clouds,2021-11-26 04:56:02
410,Tilichiki,RU,60.4667,166.1,-8.5,95,17,11.12,few clouds,2021-11-26 04:56:02
411,Malkara,TR,40.89,26.9011,42.91,92,40,3.53,scattered clouds,2021-11-26 04:56:02
412,Adrar,MR,20.5022,-10.0711,72.43,38,93,6.38,overcast clouds,2021-11-26 04:56:03
413,Roela,EE,59.1667,26.5926,34.34,98,100,5.75,light snow,2021-11-26 04:56:03
414,Camacha,PT,33.0833,-16.3333,58.42,59,40,17.27,scattered clouds,2021-11-26 04:56:04
415,Broken Hill,AU,-31.95,141.4333,67.71,56,0,25.32,clear sky,2021-11-26 04:56:04
416,Hazorasp,UZ,41.3194,61.0742,28.24,50,12,11.32,few clouds,2021-11-26 04:56:04
417,Mehamn,NO,71.0357,27.8492,23.18,78,100,9.08,overcast clouds,2021-11-26 04:56:05
418,Mundi,IN,22.0667,76.5,78.3,44,10,6.04,clear sky,2021-11-26 04:56:05
419,Cairns,AU,-16.9167,145.7667,88.95,69,99,8.05,light rain,2021-11-26 04:52:19
420,Srandakan,ID,-7.9386,110.2506,85.71,66,55,9.06,broken clouds,2021-11-26 04:56:06
421,Sorland,NO,67.667,12.6934,34.63,47,86,11.63,light rain,2021-11-26 04:56:06
422,Nouakchott,MR,18.0858,-15.9785,71.53,62,100,10.42,overcast clouds,2021-11-26 04:56:07
423,Barcelona,ES,41.3888,2.159,49.78,78,20,1.01,few clouds,2021-11-26 04:53:51
424,Primorsk,UA,46.7348,36.3443,37.76,82,5,9.48,clear sky,2021-11-26 04:56:07
425,Dingle,PH,10.9995,122.6711,85.55,75,94,10.38,overcast clouds,2021-11-26 04:56:08
426,Yabassi,CM,4.457,9.9682,73.62,99,69,0.78,broken clouds,2021-11-26 04:54:16
427,Yuzawa,JP,39.1667,140.5,42.62,71,64,16.58,broken clouds,2021-11-26 04:56:08
428,Talara,PE,-4.5772,-81.2719,65.95,88,100,12.59,overcast clouds,2021-11-26 04:56:09
429,Raga,SS,8.4596,25.678,68.18,27,8,3.94,clear sky,2021-11-26 04:56:09
430,Genhe,CN,50.7833,121.5167,15.57,54,7,3.62,clear sky,2021-11-26 04:56:10
431,Kijang,KR,35.2442,129.2139,55.13,24,0,8.01,clear sky,2021-11-26 04:56:10
432,Tres Arroyos,AR,-38.3739,-60.2798,60.49,84,54,7.23,broken clouds,2021-11-26 04:56:10
433,Den Helder,NL,52.9599,4.7593,44.98,65,75,17.0,broken clouds,2021-11-26 04:56:11
434,Mitu,CO,1.1983,-70.1733,70.7,99,100,1.41,overcast clouds,2021-11-26 04:56:11
435,Namibe,AO,-15.1961,12.1522,67.28,64,48,6.13,scattered clouds,2021-11-26 04:56:12
436,Padang,ID,-0.9492,100.3543,89.65,62,99,6.69,overcast clouds,2021-11-26 04:56:12
437,Pavlogradka,RU,54.2024,73.5592,7.29,89,64,8.43,broken clouds,2021-11-26 04:56:13
438,Labuhan,ID,-6.8844,112.2051,86.0,67,99,3.78,light rain,2021-11-26 04:56:13
439,Te Anau,NZ,-45.4167,167.7167,54.0,94,100,3.44,heavy intensity rain,2021-11-26 04:56:13
440,Denpasar,ID,-8.65,115.2167,83.86,83,40,10.36,scattered clouds,2021-11-26 04:52:29
441,Norman Wells,CA,65.282,-126.8329,-16.56,69,90,4.61,light snow,2021-11-26 04:56:14
442,Mashhad,IR,36.297,59.6062,42.94,93,90,9.22,mist,2021-11-26 04:56:14
443,Dandong,CN,40.1292,124.3947,37.02,34,0,13.78,clear sky,2021-11-26 04:56:15
444,Rincon,US,32.296,-81.2354,56.84,93,1,0.0,clear sky,2021-11-26 04:52:52
445,Saint-Pierre,RE,-21.3393,55.4781,82.56,69,40,4.61,scattered clouds,2021-11-26 04:56:15
446,Caraballeda,VE,10.6112,-66.8522,71.67,100,75,0.0,broken clouds,2021-11-26 04:56:16
447,Deputatskiy,RU,69.3,139.9,-31.72,95,75,1.74,broken clouds,2021-11-26 04:56:16
448,Kem,RU,64.9555,34.5793,27.12,77,98,15.08,overcast clouds,2021-11-26 04:56:16
449,Jalu,LY,29.0331,21.5482,69.3,27,7,17.27,clear sky,2021-11-26 04:56:17
450,Saurimo,AO,-9.6608,20.3916,65.08,97,99,2.66,overcast clouds,2021-11-26 04:56:17
451,Trapani,IT,37.8333,12.6667,54.52,82,20,7.7,few clouds,2021-11-26 04:56:18
452,Tabas,IR,33.5959,56.9244,62.44,29,31,1.3,scattered clouds,2021-11-26 04:56:18
453,Mkushi,ZM,-13.6202,29.3939,65.48,89,96,9.53,overcast clouds,2021-11-26 04:56:19
454,Shimoda,JP,34.6667,138.95,64.76,53,0,23.8,clear sky,2021-11-26 04:56:19
455,Prosperous,IE,53.2903,-6.7539,47.07,94,100,8.01,overcast clouds,2021-11-26 04:56:19
456,Dudinka,RU,69.4058,86.1778,0.72,96,100,9.24,overcast clouds,2021-11-26 04:56:20
457,Ivanteyevka,RU,55.9711,37.9208,35.94,85,98,14.34,overcast clouds,2021-11-26 04:56:20
458,Mattru,SL,7.6244,-11.8332,74.39,97,14,1.61,few clouds,2021-11-26 04:56:21
459,Mitsamiouli,KM,-11.3847,43.2844,84.49,54,20,6.91,few clouds,2021-11-26 04:56:21
460,Berlevag,NO,70.8578,29.0864,21.96,73,100,10.45,overcast clouds,2021-11-26 04:56:21
461,Buala,SB,-8.145,159.5921,84.24,70,50,3.91,light rain,2021-11-26 04:56:22
462,Sao Filipe,CV,14.8961,-24.4956,77.58,74,99,8.21,overcast clouds,2021-11-26 04:56:22
463,Albanel,CA,48.8832,-72.4487,29.68,93,100,1.14,light snow,2021-11-26 04:56:23
464,Strelka,RU,58.0728,93.0344,11.28,87,100,11.77,overcast clouds,2021-11-26 04:56:23
465,Chifeng,CN,42.2683,118.9636,36.43,34,0,8.59,clear sky,2021-11-26 04:56:23
466,Alpena,US,45.0617,-83.4327,27.18,90,90,15.01,mist,2021-11-26 04:56:24
467,El Alto,PE,-4.2714,-81.2147,63.99,87,99,12.75,overcast clouds,2021-11-26 04:56:24
468,Tweed,CA,44.4751,-77.3162,44.13,98,100,6.02,overcast clouds,2021-11-26 04:56:25
469,Mazyr,BY,52.0495,29.2456,33.98,79,75,11.01,broken clouds,2021-11-26 04:56:25
470,Aksu,CN,41.1231,80.2644,37.58,33,52,1.88,broken clouds,2021-11-26 04:56:25
471,Kavieng,PG,-2.5744,150.7967,83.59,73,90,6.29,light rain,2021-11-26 04:56:26
472,Taldan,RU,53.6667,124.8,14.56,54,100,6.46,overcast clouds,2021-11-26 04:56:26
473,Itaituba,BR,-4.2761,-55.9836,75.34,95,100,0.74,overcast clouds,2021-11-26 04:56:27
474,Kuytun,RU,54.3419,101.5036,28.85,81,100,2.21,overcast clouds,2021-11-26 04:56:27
475,Pangobilian,PH,8.8011,117.8594,84.4,74,100,5.08,overcast clouds,2021-11-26 04:56:28
476,Turkistan,KZ,43.0,68.0,33.48,62,1,2.53,clear sky,2021-11-26 04:56:28
477,Zamora,EC,-4.0692,-78.9567,65.25,97,38,4.12,scattered clouds,2021-11-26 04:56:28
478,Tazovskiy,RU,67.4667,78.7,0.45,98,100,3.27,overcast clouds,2021-11-26 04:56:29
479,Manuk Mangkaw,PH,4.8,119.85,83.21,75,95,5.75,light rain,2021-11-26 04:56:29
480,Srednekolymsk,RU,67.45,153.6833,-34.6,100,18,2.06,few clouds,2021-11-26 04:56:30
481,Kloulklubed,PW,7.0419,134.2556,84.4,76,97,15.64,overcast clouds,2021-11-26 04:56:30
482,Verkhnyaya Inta,RU,65.9811,60.3094,3.81,96,90,9.86,overcast clouds,2021-11-26 04:56:30
483,Okoneshnikovo,RU,54.8377,75.0834,2.79,92,8,7.61,clear sky,2021-11-26 04:56:31
484,Lamesa,US,32.7376,-101.951,42.06,28,33,5.55,scattered clouds,2021-11-26 04:56:31
485,Morrisburg,CA,44.9001,-75.1826,42.53,95,100,7.31,overcast clouds,2021-11-26 04:56:32
486,Oranjemund,NA,-28.55,16.4333,61.47,87,0,9.57,clear sky,2021-11-26 04:56:32
487,San Patricio,US,28.017,-97.5169,58.17,60,100,15.03,overcast clouds,2021-11-26 04:56:33
488,Alofi,NU,-19.0595,-169.9187,82.29,78,58,8.05,broken clouds,2021-11-26 04:56:33
489,Vanimo,PG,-2.6741,141.3028,79.52,84,100,4.52,overcast clouds,2021-11-26 04:56:34
490,Saint-Augustin,CA,51.226,-58.6502,43.74,98,100,16.75,overcast clouds,2021-11-26 04:56:34
491,Hope,US,33.6671,-93.5916,41.95,66,96,5.01,overcast clouds,2021-11-26 04:56:35
492,Puerto Escondido,MX,15.85,-97.0667,77.79,81,3,4.21,clear sky,2021-11-26 04:56:35
493,Nantucket,US,41.2835,-70.0995,50.09,77,63,15.5,broken clouds,2021-11-26 04:56:35
494,Hamilton,US,39.1834,-84.5333,38.98,80,90,1.99,overcast clouds,2021-11-26 04:56:36
495,Kargat,RU,55.1956,80.2811,0.88,97,70,8.5,broken clouds,2021-11-26 04:56:36
496,Langsa,ID,4.4683,97.9683,77.25,89,99,1.43,overcast clouds,2021-11-26 04:56:37
497,Camabatela,AO,-8.1881,15.375,62.02,98,98,0.11,overcast clouds,2021-11-26 04:56:37
498,San Jose,US,37.3394,-121.895,59.58,54,1,0.0,clear sky,2021-11-26 04:55:01
499,Normandin,CA,48.8333,-72.5321,29.82,93,100,1.14,light snow,2021-11-26 04:56:38
500,Dongsheng,CN,39.8161,109.9776,37.47,29,0,6.73,clear sky,2021-11-26 04:56:38
501,Nanortalik,GL,60.1432,-45.2371,41.16,98,100,14.25,moderate rain,2021-11-26 04:56:39
502,Filingue,NE,14.3521,3.3168,76.46,19,0,8.9,clear sky,2021-11-26 04:56:39
503,Mukhen,RU,48.1,136.1,19.45,93,100,4.65,light snow,2021-11-26 04:56:40
504,Umm Lajj,SA,25.0213,37.2685,74.88,50,19,7.52,few clouds,2021-11-26 04:56:40
505,Whitehorse,CA,60.7161,-135.0538,11.17,85,75,4.61,broken clouds,2021-11-26 04:54:01
506,Waddan,LY,29.1614,16.139,63.45,39,11,8.88,few clouds,2021-11-26 04:56:41
507,Maragogi,BR,-9.0122,-35.2225,77.23,82,28,6.46,scattered clouds,2021-11-26 04:56:41
508,Kapuskasing,CA,49.4169,-82.4331,6.89,85,90,9.22,light snow,2021-11-26 04:56:42
509,Dalvik,IS,65.9702,-18.5286,28.33,74,100,8.88,overcast clouds,2021-11-26 04:56:42
510,Del Monte,PH,14.6418,121.0177,85.82,72,75,5.01,broken clouds,2021-11-26 04:56:43
511,Big Bend,SZ,-26.8167,31.9333,72.57,100,100,2.3,overcast clouds,2021-11-26 04:56:43
512,Riyadh,SA,24.6877,46.7219,59.14,33,0,9.48,clear sky,2021-11-26 04:51:49
513,Acajutla,SV,13.5928,-89.8275,77.76,72,98,5.86,overcast clouds,2021-11-26 04:56:43
514,Narrabri,AU,-30.3167,149.7833,82.49,44,75,6.91,light rain,2021-11-26 04:56:44
515,Ormara,PK,25.2088,64.6357,78.82,48,0,6.53,clear sky,2021-11-26 04:56:44
516,Lodja,CD,-3.4833,23.4333,69.04,99,100,3.94,light rain,2021-11-26 04:56:45
517,Codrington,AU,-38.2667,141.9667,56.77,73,100,21.7,overcast clouds,2021-11-26 04:56:45
518,Turbiv,UA,49.3479,28.7212,32.52,92,0,8.95,clear sky,2021-11-26 04:56:46
519,Canutama,BR,-6.5339,-64.3831,75.29,85,82,1.16,broken clouds,2021-11-26 04:56:46
520,Curuca,BR,-0.7289,-47.8481,74.59,94,96,2.93,overcast clouds,2021-11-26 04:52:05
521,Boende,CD,-0.2167,20.8667,70.77,97,100,1.41,overcast clouds,2021-11-26 04:56:47
522,Prabumulih,ID,-3.45,104.25,88.93,59,85,4.56,overcast clouds,2021-11-26 04:56:47
523,Stamford,US,41.0534,-73.5387,51.55,60,90,4.0,light rain,2021-11-26 04:55:12
524,Tselinnoye,RU,53.0833,85.6667,9.5,94,85,6.8,overcast clouds,2021-11-26 04:56:48
525,Asosa,ET,10.0667,34.5333,68.58,39,39,5.86,scattered clouds,2021-11-26 04:56:48
526,Hami,CN,42.8,93.45,33.87,47,3,0.63,clear sky,2021-11-26 04:56:49
527,Antalaha,MG,-14.9003,50.2788,81.88,63,80,2.73,broken clouds,2021-11-26 04:56:49
528,Lovozero,RU,68.005,35.0117,2.07,92,100,4.36,overcast clouds,2021-11-26 04:56:49
529,Pecica,RO,46.1667,21.0667,41.05,75,0,12.66,clear sky,2021-11-26 04:56:50
530,Evensk,RU,61.95,159.2333,-9.85,80,0,11.5,clear sky,2021-11-26 04:56:51
531,Fukue,JP,32.6881,128.8419,61.16,51,20,12.66,few clouds,2021-11-26 04:56:51
532,Grand Bank,CA,47.0999,-55.765,50.99,97,100,19.86,overcast clouds,2021-11-26 04:56:51
533,Simao,CN,22.7886,100.9748,67.82,66,27,2.75,scattered clouds,2021-11-26 04:56:52
534,Kjollefjord,NO,70.9457,27.3465,23.05,74,100,9.75,overcast clouds,2021-11-26 04:56:52
535,Maxixe,MZ,-23.8597,35.3472,73.22,73,40,13.0,light rain,2021-11-26 04:56:53
536,Chambar,PK,25.2931,68.812,82.24,13,1,6.13,clear sky,2021-11-26 04:56:53
537,Adelaide,AU,-34.9333,138.6,70.21,46,40,5.99,scattered clouds,2021-11-26 04:56:54
538,Kota Tinggi,MY,1.7381,103.8999,89.64,63,95,3.18,overcast clouds,2021-11-26 04:56:54
539,Moba,CN,33.2288,105.0179,45.34,45,100,5.01,overcast clouds,2021-11-26 04:56:55
540,Katobu,ID,-4.9408,122.5276,87.58,65,100,4.72,overcast clouds,2021-11-26 04:56:55
541,Frohnleiten,AT,47.2667,15.3167,37.67,95,100,1.81,light snow,2021-11-26 04:56:56
542,Fernley,US,39.608,-119.2518,42.4,35,100,0.92,overcast clouds,2021-11-26 04:56:56
543,Eldorado,BR,-23.7869,-54.2836,74.08,99,100,4.52,overcast clouds,2021-11-26 04:56:57
544,Vung Tau,VN,10.346,107.0843,79.84,74,100,2.3,overcast clouds,2021-11-26 04:52:53
545,Bonfim,BR,3.0833,-59.95,78.37,77,49,3.06,scattered clouds,2021-11-26 04:56:57
546,Niksar,TR,40.5917,36.9517,43.86,95,81,4.54,broken clouds,2021-11-26 04:56:58
547,Kozhva,RU,65.1073,57.0459,-6.97,100,85,3.69,overcast clouds,2021-11-26 04:56:58
548,Trelew,AR,-43.249,-65.3051,59.05,62,65,5.46,broken clouds,2021-11-26 04:52:07
549,Taunggyi,MM,20.7833,97.0333,71.83,57,33,4.05,scattered clouds,2021-11-26 04:56:59
550,Kosa,RU,59.9445,54.9977,13.39,92,100,7.0,overcast clouds,2021-11-26 04:56:59
551,Bazarnyye Mataki,RU,54.8833,49.9333,31.73,93,100,15.08,overcast clouds,2021-11-26 04:57:00
552,Asyut,EG,27.181,31.1837,57.38,53,0,3.6,clear sky,2021-11-26 04:57:00
553,Fort Frances,CA,48.5999,-93.4003,9.05,63,52,5.06,broken clouds,2021-11-26 04:54:26
554,Buraydah,SA,26.326,43.975,57.65,36,0,7.29,clear sky,2021-11-26 04:57:01
555,Alugan,PH,12.2188,125.4808,81.88,82,100,7.85,overcast clouds,2021-11-26 04:57:01
556,Choix,MX,26.7092,-108.3219,68.77,54,100,3.29,overcast clouds,2021-11-26 04:57:02
557,Solnechnyy,RU,50.7214,136.6319,26.94,91,100,9.86,light snow,2021-11-26 04:57:02
558,Anuradhapura,LK,8.3565,80.4173,82.81,79,87,3.38,overcast clouds,2021-11-26 04:57:03
559,Vetluzhskiy,RU,58.3902,45.4654,33.48,97,100,13.11,overcast clouds,2021-11-26 04:57:03
560,Ndjole,GA,-0.1783,10.7649,73.2,99,93,0.58,overcast clouds,2021-11-26 04:57:03
561,Wala,CM,4.578,12.3154,64.53,86,53,0.54,broken clouds,2021-11-26 04:57:04
562,Birjand,IR,32.8663,59.2211,43.27,70,0,6.91,clear sky,2021-11-26 04:57:04
563,Puerto Madero,MX,14.7208,-92.4215,77.29,80,39,4.68,scattered clouds,2021-11-26 04:57:05
564,La Asuncion,VE,11.0333,-63.8628,80.33,89,90,6.91,overcast clouds,2021-11-26 04:55:07
565,Gushikawa,JP,26.3544,127.8686,74.43,57,83,12.17,broken clouds,2021-11-26 04:57:05
566,Seoul,KR,37.5683,126.9778,46.0,34,75,11.5,broken clouds,2021-11-26 04:57:06
567,Lianzhou,CN,24.7811,112.3825,70.3,44,0,6.04,clear sky,2021-11-26 04:57:06
568,Ampanihy,MG,-24.7,44.75,71.33,48,0,13.02,clear sky,2021-11-26 04:57:07
569,Pak Chong,TH,14.708,101.4161,76.32,67,85,12.66,overcast clouds,2021-11-26 04:57:07
570,Bodden Town,KY,19.2833,-81.25,79.93,83,59,4.0,broken clouds,2021-11-26 04:57:08
571,Havoysund,NO,70.9963,24.6622,23.23,76,100,9.66,overcast clouds,2021-11-26 04:57:08
572,Oxapampa,PE,-10.5775,-75.4017,57.42,95,93,3.24,overcast clouds,2021-11-26 04:57:08
573,Nagyhegyes,HU,47.5395,21.3444,39.34,77,100,5.97,overcast clouds,2021-11-26 04:57:09
574,Aripuana,BR,-9.1667,-60.6333,72.16,99,89,1.12,overcast clouds,2021-11-26 04:57:09
575,Sao Joao Da Barra,BR,-21.6403,-41.0511,71.53,84,38,11.12,scattered clouds,2021-11-26 04:57:10
576,Stara Synyava,UA,49.6032,27.6191,30.85,89,21,9.4,few clouds,2021-11-26 04:57:10
577,Aitape,PG,-3.1374,142.3475,79.05,87,100,6.02,overcast clouds,2021-11-26 04:57:11
578,Hokitika,NZ,-42.7167,170.9667,59.63,68,99,4.14,overcast clouds,2021-11-26 04:57:11
579,Caconda,AO,-13.7333,15.0667,60.33,85,99,2.1,overcast clouds,2021-11-26 04:57:11
580,Linqiong,CN,30.4159,103.4609,51.62,50,99,1.95,overcast clouds,2021-11-26 04:57:12
581,Fort Nelson,CA,58.8053,-122.7002,2.79,78,90,4.61,overcast clouds,2021-11-26 04:53:00
582,Inta,RU,66.0317,60.1659,3.94,96,88,10.56,overcast clouds,2021-11-26 04:57:12
583,Ambovombe,MG,-25.1667,46.0833,71.02,53,61,10.54,broken clouds,2021-11-26 04:57:13
584,Shakawe,BW,-18.3667,21.85,74.17,52,80,6.31,broken clouds,2021-11-26 04:57:13
585,Atambua,ID,-9.1061,124.8925,83.82,68,29,5.12,scattered clouds,2021-11-26 04:57:14
586,Torit,SS,4.4133,32.5678,78.33,56,81,2.37,light rain,2021-11-26 04:57:14
587,Tomatlan,MX,19.9333,-105.25,67.3,69,66,4.68,broken clouds,2021-11-26 04:57:15
588,Kaduqli,SD,11.0167,29.7167,71.13,20,10,9.66,clear sky,2021-11-26 04:57:16
589,Ayotzintepec,MX,17.6667,-96.1333,71.15,95,58,2.53,broken clouds,2021-11-26 04:57:16
590,Chitaga,CO,7.1378,-72.6646,53.35,94,98,1.72,overcast clouds,2021-11-26 04:57:16
591,Nyimba,ZM,-14.5566,30.8149,71.26,77,100,9.1,overcast clouds,2021-11-26 04:57:17
592,Weligama,LK,5.9667,80.4167,83.25,75,77,9.4,broken clouds,2021-11-26 04:57:17
593,Boa Vista,BR,2.8197,-60.6733,80.58,69,40,6.91,scattered clouds,2021-11-26 04:55:41
594,Luanda,AO,-8.8368,13.2343,76.64,83,100,5.44,overcast clouds,2021-11-26 04:55:58
595,Port Keats,AU,-14.25,129.55,88.93,56,82,9.95,broken clouds,2021-11-26 04:57:18
596,Moshi,TZ,-3.35,37.3333,71.98,82,100,3.85,light rain,2021-11-26 04:56:08
597,Puerto Narino,CO,-3.7703,-70.3831,75.15,98,58,2.48,broken clouds,2021-11-26 04:57:19
598,Ban Nahin,LA,18.2418,104.2122,87.26,37,50,1.1,scattered clouds,2021-11-26 04:57:19
599,Karratha,AU,-20.7377,116.8463,93.18,23,67,16.22,broken clouds,2021-11-26 04:57:19
600,Xai-Xai,MZ,-25.0519,33.6442,71.04,73,72,11.5,broken clouds,2021-11-26 04:55:07
601,Waingapu,ID,-9.6567,120.2641,88.16,64,85,7.45,overcast clouds,2021-11-26 04:57:20
602,Igaracu Do Tiete,BR,-22.5092,-48.5578,70.25,68,99,4.59,heavy intensity rain,2021-11-26 04:57:20
603,Vesyegonsk,RU,58.664,37.2604,33.24,87,100,12.95,overcast clouds,2021-11-26 04:57:21
604,Manono,CD,-7.3,27.4167,69.85,94,99,1.97,overcast clouds,2021-11-26 04:57:21
605,Arlit,NE,18.7369,7.3853,71.17,25,2,6.67,clear sky,2021-11-26 04:57:22
606,Santarem,BR,-2.4431,-54.7083,77.13,94,75,16.11,thunderstorm with light rain,2021-11-26 04:57:22
607,Beloha,MG,-25.1667,45.05,71.74,46,2,10.42,clear sky,2021-11-26 04:57:22
608,Thanh Hoa,VN,19.8,105.7667,76.1,50,38,6.38,scattered clouds,2021-11-26 04:57:23
609,Burnie,AU,-41.0667,145.9167,59.97,57,59,8.68,broken clouds,2021-11-26 04:57:23
610,Charters Towers,AU,-20.1,146.2667,87.78,44,91,5.32,overcast clouds,2021-11-26 04:57:24
611,Severnyy,RU,50.677,36.5532,26.64,86,0,11.18,clear sky,2021-11-26 04:57:24
612,Miracema Do Tocantins,BR,-9.5618,-48.3967,73.06,96,99,2.57,overcast clouds,2021-11-26 04:57:25
613,Taoudenni,ML,22.6783,-3.9836,72.37,29,76,6.96,broken clouds,2021-11-26 04:57:25
614,Dryden,CA,49.7833,-92.7503,7.09,85,90,4.61,overcast clouds,2021-11-26 04:55:19
615,Kletnya,RU,53.3897,33.2171,35.76,85,78,15.57,broken clouds,2021-11-26 04:57:26
616,Nyurba,RU,63.2842,118.3319,-0.44,99,99,3.11,overcast clouds,2021-11-26 04:57:26
617,Bay Roberts,CA,47.5999,-53.2648,52.03,95,100,8.01,overcast clouds,2021-11-26 04:57:27
618,Krasnoselkup,RU,65.7,82.4667,5.2,95,100,11.81,light snow,2021-11-26 04:57:27
619,Honningsvag,NO,70.9821,25.9704,22.75,68,20,11.5,few clouds,2021-11-26 04:57:28
620,Scarborough,GB,54.2797,-0.4044,46.08,89,100,5.99,light rain,2021-11-26 04:57:28
621,Asau,RO,46.4333,26.4,34.75,65,6,4.97,clear sky,2021-11-26 04:57:28
622,Luderitz,NA,-26.6481,15.1594,60.33,90,6,6.49,clear sky,2021-11-26 04:57:29
623,Miri,MY,4.4148,114.0089,86.14,70,40,6.91,scattered clouds,2021-11-26 04:57:29
624,Lanzhou,CN,36.0564,103.7922,43.88,23,53,0.58,broken clouds,2021-11-26 04:56:05
625,Cheremkhovo,RU,53.1561,103.0675,28.35,87,99,6.73,overcast clouds,2021-11-26 04:57:29
626,Barra,BR,-11.0894,-43.1417,74.32,77,99,4.52,overcast clouds,2021-11-26 04:57:30
627,Omboue,GA,-1.5746,9.2618,76.57,89,91,4.56,overcast clouds,2021-11-26 04:57:31
628,Tiznit,MA,29.5833,-9.5,53.01,73,100,5.14,overcast clouds,2021-11-26 04:57:31
629,Zhangjiakou,CN,40.81,114.8794,35.62,41,0,1.43,clear sky,2021-11-26 04:57:32
630,Sabang,ID,5.8933,95.3214,81.84,68,98,3.85,overcast clouds,2021-11-26 04:57:32
631,Monze,ZM,-16.2833,27.4833,68.4,82,100,9.48,overcast clouds,2021-11-26 04:57:32
632,Bardiyah,LY,31.7561,25.0865,64.9,47,3,13.89,clear sky,2021-11-26 04:57:33
633,High Level,CA,58.5169,-117.136,19.51,93,90,2.3,fog,2021-11-26 04:57:33
634,Bull Savanna,JM,17.8868,-77.5902,72.63,84,22,5.91,few clouds,2021-11-26 04:57:34
635,Ottawa,CA,45.4112,-75.6981,40.51,96,90,1.99,fog,2021-11-26 04:53:39
636,Chumikan,RU,54.7183,135.315,15.67,93,99,8.52,overcast clouds,2021-11-26 04:57:34
637,Klaksvik,FO,62.2266,-6.589,36.52,96,94,29.46,overcast clouds,2021-11-26 04:57:35
638,Kemin,KG,42.7846,75.6892,32.23,95,100,3.47,light snow,2021-11-26 04:57:35
639,Qaqortoq,GL,60.7167,-46.0333,37.13,99,100,6.71,moderate rain,2021-11-26 04:57:36
640,Montepuez,MZ,-13.1256,38.9997,75.04,77,94,8.97,overcast clouds,2021-11-26 04:57:36
641,Kamskiye Polyany,RU,55.4307,51.4171,27.41,94,99,13.13,overcast clouds,2021-11-26 04:57:36
642,Porangatu,BR,-13.4408,-49.1486,71.42,81,94,0.65,overcast clouds,2021-11-26 04:57:37
643,Felanitx,ES,39.4696,3.1483,49.95,84,56,6.17,broken clouds,2021-11-26 04:57:37
644,Muisne,EC,0.6,-80.0333,73.49,82,99,6.26,overcast clouds,2021-11-26 04:57:38
645,Telimele,GN,10.9167,-13.3333,67.28,85,24,1.3,few clouds,2021-11-26 04:57:38
646,Severobaykalsk,RU,55.65,109.3167,22.91,88,100,3.51,light snow,2021-11-26 04:57:38
647,Porto Novo,BJ,6.4965,2.6036,82.22,87,40,4.56,scattered clouds,2021-11-26 04:57:39
648,Sampit,ID,-2.5333,112.95,92.84,47,100,3.33,heavy intensity rain,2021-11-26 04:57:39
649,Leopold,AU,-38.1833,144.4667,70.47,66,75,11.01,broken clouds,2021-11-26 04:57:40
650,Goderich,CA,43.7501,-81.7165,35.2,93,100,18.41,light rain,2021-11-26 04:57:40
651,Boguchany,RU,58.3814,97.4531,18.5,93,99,9.24,overcast clouds,2021-11-26 04:57:40
652,Muros,ES,42.7762,-9.0603,50.23,81,90,13.78,light rain,2021-11-26 04:57:41
653,Antofagasta,CL,-23.65,-70.4,60.08,76,41,1.61,scattered clouds,2021-11-26 04:57:28
654,Gardiner,US,44.2301,-69.7753,41.94,89,77,2.66,broken clouds,2021-11-26 04:57:42
655,Fairbanks,US,64.8378,-147.7164,-2.4,73,90,0.0,light snow,2021-11-26 04:56:41
656,Lamu,KE,-2.2717,40.902,81.55,78,93,7.99,overcast clouds,2021-11-26 04:57:43
657,Biloela,AU,-24.4167,150.5,80.94,70,96,10.22,overcast clouds,2021-11-26 04:57:43
658,Mahibadhoo,MV,3.7833,72.9667,81.28,76,95,11.27,overcast clouds,2021-11-26 04:57:43
659,Doka,SD,13.5167,35.7667,76.3,56,5,10.18,clear sky,2021-11-26 04:57:44
660,Linhares,BR,-19.3911,-40.0722,66.22,91,4,2.24,clear sky,2021-11-26 04:57:44
661,Gat,IL,31.61,34.7642,59.81,78,15,2.98,few clouds,2021-11-26 04:57:45
662,Rosetta,EG,31.4044,30.4164,58.82,82,14,2.39,few clouds,2021-11-26 04:57:45
663,Pyapon,MM,16.2833,95.6833,86.07,61,77,4.63,broken clouds,2021-11-26 04:57:46
664,Lagunas,PE,-5.2269,-75.6753,72.19,95,74,2.84,broken clouds,2021-11-26 04:57:46
665,Tautira,PF,-17.7333,-149.15,84.22,76,6,17.31,clear sky,2021-11-26 04:57:47
666,Kurilsk,RU,45.2333,147.8833,35.92,61,100,21.34,overcast clouds,2021-11-26 04:57:47
667,Pangoa,PE,-12.1167,-73.0,67.95,88,49,2.44,scattered clouds,2021-11-26 04:57:47
668,Limulunga,ZM,-15.0969,23.1376,70.16,71,79,6.53,broken clouds,2021-11-26 04:57:48
669,Wau,SS,7.7029,27.9953,73.02,27,52,5.82,broken clouds,2021-11-26 04:57:48
670,Leningradskiy,RU,69.3833,178.4167,-22.63,97,99,4.74,overcast clouds,2021-11-26 04:57:49
671,Rio Branco,BR,-9.9747,-67.81,77.61,94,0,2.3,clear sky,2021-11-26 04:57:49
672,Bethal,ZA,-26.4579,29.4655,50.56,71,73,11.01,broken clouds,2021-11-26 04:57:49
673,Dzerzhinsk,RU,56.2389,43.4631,35.42,74,90,20.13,overcast clouds,2021-11-26 04:57:50
674,Grindavik,IS,63.8424,-22.4338,30.67,64,20,14.97,few clouds,2021-11-26 04:57:50
675,Arys,KZ,42.4252,68.795,32.22,63,42,3.62,scattered clouds,2021-11-26 04:57:51
676,Cabo Rojo,PR,18.0866,-67.1457,76.96,86,2,7.65,clear sky,2021-11-26 04:53:18
677,Pitangui,BR,-19.6828,-44.8903,65.7,87,33,2.59,scattered clouds,2021-11-26 04:57:51
678,Yuanlin,CN,30.4151,112.8859,68.14,28,91,7.27,overcast clouds,2021-11-26 04:57:52
679,Aguimes,ES,27.9054,-15.4461,61.43,78,20,4.61,few clouds,2021-11-26 04:57:52
680,Bulgan,MN,48.8125,103.5347,32.43,50,86,3.89,overcast clouds,2021-11-26 04:57:52
681,Cimislia,MD,46.52,28.7842,39.65,88,1,13.4,clear sky,2021-11-26 04:57:53
682,Bijar,IR,35.8668,47.6051,40.41,53,98,2.35,overcast clouds,2021-11-26 04:57:53
683,Barentu,ER,15.1139,37.5928,73.78,64,4,6.29,clear sky,2021-11-26 04:57:54
684,Ojinaga,MX,29.5667,-104.4167,56.35,35,90,12.66,overcast clouds,2021-11-26 04:57:54
685,Hoi An,VN,15.8794,108.335,80.56,78,92,10.42,overcast clouds,2021-11-26 04:57:54
686,Takaungu,KE,-3.6837,39.8566,79.29,75,65,10.33,broken clouds,2021-11-26 04:57:55
687,Kadhan,PK,24.481,68.9859,82.53,24,0,2.55,clear sky,2021-11-26 04:57:55
688,Ambikapur,IN,23.1167,83.2,72.0,34,1,4.61,clear sky,2021-11-26 04:57:56
689,Alice Town,BS,25.7167,-79.3,72.1,75,99,12.28,overcast clouds,2021-11-26 04:57:56
690,Anito,PH,12.4497,125.2886,82.65,81,92,7.92,overcast clouds,2021-11-26 04:57:56
691,Kotma,IN,23.2,81.9667,73.76,31,4,3.31,clear sky,2021-11-26 04:57:57
692,Abdulino,RU,53.7,53.6667,17.78,100,99,8.99,overcast clouds,2021-11-26 04:57:57
693,Yura,PE,-16.2522,-71.6797,56.43,58,100,2.77,light rain,2021-11-26 04:57:58
694,Tanout,NE,14.9709,8.8879,72.64,19,0,9.26,clear sky,2021-11-26 04:57:58
695,Dzilam Gonzalez,MX,21.2833,-88.9333,69.24,91,2,5.06,clear sky,2021-11-26 04:57:58
696,Luganville,VU,-15.5333,167.1667,82.74,70,7,10.27,clear sky,2021-11-26 04:57:59
697,Atherton,GB,53.5237,-2.4935,46.89,92,100,11.01,light rain,2021-11-26 04:57:59
698,Araguari,BR,-18.6472,-48.1872,77.29,62,99,3.47,overcast clouds,2021-11-26 04:54:00
699,Moerai,PF,-22.4333,-151.3333,78.19,83,3,6.89,clear sky,2021-11-26 04:58:00
700,Chara,RU,56.9064,118.2631,1.71,81,6,0.65,clear sky,2021-11-26 04:58:00
701,Nishihara,JP,26.1842,127.7558,74.48,57,75,13.8,broken clouds,2021-11-26 04:58:01
702,Samur,RU,41.8253,48.486,45.05,77,100,2.21,overcast clouds,2021-11-26 04:58:01
703,Neryungri,RU,56.6709,124.6491,8.33,86,90,3.29,overcast clouds,2021-11-26 04:58:02
704,Mopipi,BW,-21.1833,24.8833,69.78,62,3,22.77,clear sky,2021-11-26 04:58:02
705,Pontes E Lacerda,BR,-15.2261,-59.3353,72.45,97,100,2.21,overcast clouds,2021-11-26 04:58:02
706,Timizart,DZ,36.8,4.2667,46.85,82,7,6.87,clear sky,2021-11-26 04:49:39
